{
  "H_alt": {
    "mean_delta": 0.05142857142857146,
    "n_instances": 2,
    "deltas": [
      0.013227513227513282,
      0.08962962962962964
    ],
    "self_consistency_aj_mean": -0.17781099623139052,
    "self_consistency_aj_n": 1,
    "self_consistency_aj_values": [
      -0.17781099623139052
    ],
    "self_consistency_n_degenerate": 0,
    "self_consistency_n_missing": 1
  },
  "R_alt": {
    "mean_delta": -0.03674074074074072,
    "n_instances": 2,
    "deltas": [
      -0.03703703703703701,
      -0.03644444444444443
    ],
    "self_consistency_aj_mean": 0.6014077104138575,
    "self_consistency_aj_n": 1,
    "self_consistency_aj_values": [
      0.6014077104138575
    ],
    "self_consistency_n_degenerate": 0,
    "self_consistency_n_missing": 1
  },
  "CF_alt": {
    "mean_delta": 0.10315343915343916,
    "n_instances": 2,
    "deltas": [
      0.21164021164021166,
      -0.005333333333333329
    ],
    "self_consistency_aj_mean": null,
    "self_consistency_aj_n": 0,
    "self_consistency_aj_values": [],
    "self_consistency_n_degenerate": 0,
    "self_consistency_n_missing": 2
  },
  "RO_alt": {
    "mean_delta": 0.031980260480260495,
    "n_instances": 2,
    "deltas": [
      0.04232804232804235,
      0.021632478632478636
    ],
    "self_consistency_aj_mean": 0.3236203696169764,
    "self_consistency_aj_n": 2,
    "self_consistency_aj_values": [
      0.31669893213804173,
      0.330541807095911
    ],
    "self_consistency_n_degenerate": 0,
    "self_consistency_n_missing": 0
  }
}