{
  "H_alt": {
    "mean_delta": 0.000973644367250164,
    "n_instances": 50,
    "deltas": [
      0.0,
      0.00957264957264957,
      0.005496453900709214,
      -0.0037593984962405874,
      0.029090909090909056,
      0.00042542065274231433,
      0.0,
      0.0,
      0.0,
      0.003228659885006646,
      0.0,
      0.0,
      -0.004489795918367345,
      -0.018439241917502784,
      0.0019066157210487072,
      0.0,
      0.0025877192982456387,
      0.0,
      -0.03856944578158595,
      0.0,
      0.004995374653098961,
      -0.007956989247311835,
      0.00273228563551145,
      0.01050724637681158,
      0.0,
      0.004923785056970387,
      0.0023685127133403067,
      0.0,
      0.03428815628815629,
      0.02367305236270753,
      0.0,
      0.0,
      0.0,
      -0.06904536431041616,
      0.007563025210084062,
      0.03996040521471747,
      0.0,
      -0.00025360623204288835,
      0.0,
      -0.004091174751607238,
      0.0,
      0.009850746268656702,
      0.016190476190476144,
      0.0,
      -0.0024725274725274776,
      -0.025454545454545396,
      0.0,
      0.013852813852813839,
      0.0,
      0.0
    ],
    "mean_delta_aj": 0.008114058924340634,
    "n_instances_aj": 50,
    "deltas_aj": [
      0.0,
      -0.058777335145054704,
      0.00959942949403414,
      0.0,
      0.05206849108370004,
      0.0009219811288599111,
      0.0,
      0.0,
      0.0,
      0.03349065323359912,
      0.0,
      0.0,
      -0.03730017572911787,
      -0.01811658656261526,
      0.018746970259744825,
      0.0,
      0.007019825475688274,
      0.0,
      -0.014787171216534285,
      0.0,
      0.0,
      -0.036508009766441585,
      -0.09106745412231523,
      0.052768888952610477,
      0.0,
      0.08537123582667666,
      0.031945512998150793,
      0.0,
      0.11103858989064663,
      0.09462110164632448,
      0.0,
      0.0,
      0.0,
      -0.05919165995469795,
      0.011360728954061372,
      0.16365412146963848,
      0.0,
      -0.033852817345025134,
      0.0,
      -0.009635674579174996,
      0.0,
      0.028480929424471585,
      0.03250406584709417,
      0.0,
      0.07063327497651997,
      -0.0699965680216712,
      0.0,
      0.030710597997859006,
      0.0,
      0.0
    ],
    "self_consistency_aj_mean": 0.6636078896899373,
    "self_consistency_aj_n": 38,
    "self_consistency_aj_values": [
      0.648224844680735,
      0.620387145613417,
      0.6800785031265894,
      0.5510824342564473,
      0.644145799524499,
      0.5445273217092246,
      0.7050454279812682,
      0.6995671467238859,
      0.47569630185585293,
      0.9123043171687893,
      0.7982906710426564,
      0.5932437760166921,
      0.7307908415111505,
      0.6469600423965995,
      0.5860898928080641,
      0.5994697085915194,
      0.7959405910725105,
      0.5042305093248953,
      0.6463892202964148,
      0.6729421767291578,
      0.6246759139623953,
      0.7323634542832804,
      0.8423289699058196,
      0.6369285070500605,
      0.5620282027245393,
      0.770258834125513,
      0.6035193546101969,
      0.6291274809432023,
      0.7815515570598898,
      0.6628572324753614,
      0.4829146223475713,
      0.6086379766682326,
      0.6890577405058096,
      0.5876167572621346,
      0.8470399057178964,
      0.7104422820076906,
      0.5672083469387207,
      0.8231359971989363
    ],
    "self_consistency_n_degenerate": 1,
    "self_consistency_n_missing": 11
  },
  "R_alt": {
    "mean_delta": 0.0008011763870609831,
    "n_instances": 50,
    "deltas": [
      0.0,
      0.04166666666666665,
      -0.0422592864125122,
      0.00025974025974027926,
      0.0,
      0.0,
      0.02258852258852262,
      0.0,
      0.014627039627039623,
      -0.005309789625579084,
      -0.0004130372551425232,
      0.0442857142857143,
      0.01731423338566196,
      0.0,
      0.009328449328449326,
      0.0,
      0.02799926711382003,
      0.0,
      0.0,
      0.03421855921855921,
      -0.08897805529859185,
      -0.034911180773249756,
      -0.051008745776187636,
      0.0,
      0.0,
      0.07872970675712138,
      -0.00022988505747125604,
      0.0,
      -0.0005128205128205159,
      0.008000000000000007,
      0.006465350367789391,
      0.0,
      0.0,
      0.0,
      0.0,
      -0.032928309785452636,
      -0.00740740740740739,
      -0.0042448979591836605,
      0.06,
      -0.0049999999999999906,
      -0.043040293040293054,
      0.003766233766233751,
      0.0,
      -0.00021141649048625477,
      0.015610859728506787,
      0.0,
      -0.013166023166023152,
      0.0,
      0.0,
      -0.015180375180375183
    ],
    "mean_delta_aj": 0.0004676605785334434,
    "n_instances_aj": 50,
    "deltas_aj": [
      0.0,
      0.0665685860531049,
      -0.2061105956819188,
      -0.00018183030162902125,
      0.0,
      0.0,
      0.3455146330138915,
      0.0,
      0.053979054657004755,
      -0.217082560727016,
      -0.06677193941116384,
      0.1554887295598108,
      0.006123149958119245,
      0.0,
      -0.001430969939965901,
      0.0,
      0.1271545803089446,
      0.0,
      0.0,
      0.013320829219583441,
      -0.24551633644587614,
      -0.03934270038789661,
      -0.14717825014402058,
      0.0,
      0.0,
      0.17989632153394242,
      0.20143787303309824,
      0.0,
      -0.0060994561963138485,
      0.010773150446847207,
      -0.0355102738900267,
      0.0,
      0.0,
      0.0,
      0.0,
      -0.06728596727569369,
      -0.018646031650006376,
      0.0,
      0.07527295323519972,
      -0.0032822847232315266,
      -0.07284708721764632,
      0.0,
      0.0,
      -0.07673891432517789,
      0.03158013619989577,
      0.0,
      0.008842696567462172,
      0.0,
      0.0,
      -0.04854446654264938
    ],
    "self_consistency_aj_mean": 0.8194426807370919,
    "self_consistency_aj_n": 50,
    "self_consistency_aj_values": [
      1.0,
      0.37136352137617,
      0.19177855181460696,
      0.43310186114180843,
      1.0,
      1.0,
      1.0,
      1.0,
      0.6089807765696466,
      0.396584751792458,
      0.7184064910234677,
      0.6154457967283843,
      1.0,
      1.0,
      0.6329448790624868,
      1.0,
      1.0,
      1.0,
      1.0,
      0.6855654631137869,
      0.3259597378344095,
      1.0,
      0.14507692995321675,
      1.0,
      1.0,
      0.7939120917255242,
      1.0,
      1.0,
      1.0,
      1.0,
      0.5188847693256962,
      1.0,
      1.0,
      1.0,
      1.0,
      0.7594641606478024,
      1.0,
      0.41172401392647623,
      0.35309473741392866,
      1.0,
      1.0,
      0.4940079018578876,
      1.0,
      1.0,
      1.0,
      1.0,
      0.515837601546834,
      1.0,
      1.0,
      1.0
    ],
    "self_consistency_n_degenerate": 0,
    "self_consistency_n_missing": 0
  },
  "CF_alt": {
    "mean_delta": 0.002553166373758009,
    "n_instances": 50,
    "deltas": [
      0.0,
      0.011111111111111106,
      -0.005198680351906154,
      0.004131959994028961,
      0.0,
      0.0,
      0.0,
      0.0,
      0.01508322087269455,
      -0.005589729963131493,
      -0.0011119230300815908,
      0.00210084033613446,
      0.009668087152874177,
      0.0,
      0.006218216649251124,
      0.06078983026672374,
      0.010986806245426944,
      -0.027192982456140356,
      -0.0012938047559449273,
      0.01637551990493169,
      0.008032751562163293,
      0.013294232649071341,
      0.01169386169386169,
      -0.009523809523809545,
      0.0,
      0.0,
      0.0,
      0.009962266332424141,
      -0.0023679165708151255,
      0.0,
      -0.0318720821661998,
      0.0,
      0.0,
      0.0028900391169043027,
      0.0027272358218650428,
      0.009411159875556158,
      0.0,
      0.0,
      0.0,
      0.007769192997224145,
      0.0,
      0.005891265597147949,
      0.020134310134310107,
      0.03780073874413496,
      -0.0029583574320416473,
      0.0,
      -0.024857796554976164,
      0.001984126984126977,
      -0.028431372549019604,
      0.0
    ],