{
  "H_alt": {
    "mean_delta": 0.0060515873015873035,
    "n_instances": 50,
    "deltas": [
      0.0,
      0.0,
      0.0,
      0.0,
      0.0,
      0.0,
      0.0763888888888889,
      0.15873015873015875,
      0.0,
      0.0,
      -0.13333333333333336,
      0.0,
      0.0,
      0.0,
      0.02888888888888888,
      0.0,
      0.0,
      0.024444444444444435,
      0.13095238095238104,
      0.0,
      0.0,
      0.0,
      0.0,
      -0.019999999999999976,
      0.0,
      0.0,
      0.0,
      0.0,
      0.0,
      0.0,
      0.0,
      0.0,
      0.0,
      0.0,
      0.0,
      0.0,
      0.0761904761904762,
      0.0,
      -0.07777777777777778,
      0.0,
      0.0,
      0.0,
      0.0,
      0.0,
      0.0,
      0.0,
      0.0,
      0.0,
      0.0,
      0.038095238095238126
    ],
    "mean_delta_aj": 0.012090275228022031,
    "n_instances_aj": 50,
    "deltas_aj": [
      0.0,
      0.0,
      0.0,
      0.0,
      0.0,
      0.0,
      0.1802233143022332,
      0.28794943016173535,
      0.0,
      0.0,
      -0.2939081537019681,
      0.0,
      0.0,
      0.0,
      0.03753068449160309,
      0.0,
      0.0,
      0.07258711299563123,
      0.20794408226359307,
      0.0,
      0.0,
      0.0,
      0.0,
      -0.057967795669072744,
      0.0,
      0.0,
      0.0,
      0.0,
      0.0,
      0.0,
      0.0,
      0.0,
      0.0,
      0.0,
      0.0,
      0.0,
      0.1540951686890379,
      0.0,
      -0.10975707559574366,
      0.0,
      0.0,
      0.0,
      0.0,
      0.0,
      0.0,
      0.0,
      0.0,
      0.0,
      0.0,
      0.12581699346405228
    ],
    "self_consistency_aj_mean": 0.7451997789220413,
    "self_consistency_aj_n": 50,
    "self_consistency_aj_values": [
      1.0,
      0.43745884077480035,
      0.7372308872649048,
      1.0,
      0.5756933510960397,
      0.7283773243674084,
      0.6835705979358252,
      0.2539406281895738,
      0.6835705979358252,
      0.7283773243674084,
      0.5838556233795398,
      0.599898485427484,
      1.0,
      1.0,
      0.6223916666220133,
      0.6726305541617605,
      0.6917958656921387,
      0.7256568278372748,
      0.6306415871428892,
      0.7256568278372748,
      0.6656835806132808,
      1.0,
      0.7109226580144952,
      0.5061822901070947,
      1.0,
      1.0,
      0.6306415871428892,
      0.6306415871428892,
      0.7372308872649048,
      0.5061822901070947,
      0.7900581510818815,
      1.0,
      1.0,
      1.0,
      1.0,
      0.7153371011970592,
      0.44525359820777827,
      1.0,
      0.647209399870824,
      1.0,
      0.6483777006508248,
      0.8092920765191375,
      0.7550375280633991,
      0.5061822901070947,
      0.647209399870824,
      0.7528071467685028,
      1.0,
      0.7445532652024459,
      0.6929101706163996,
      0.6375292475210794
    ],
    "self_consistency_n_degenerate": 0,
    "self_consistency_n_missing": 0
  },
  "R_alt": {
    "mean_delta": 0.02187106227106227,
    "n_instances": 50,
    "deltas": [
      0.0,
      0.21726190476190477,
      0.0,
      0.0,
      0.06666666666666665,
      0.0,
      0.037698412698412676,
      0.04785353535353534,
      -0.16269841269841268,
      0.0,
      -0.05892857142857144,
      0.0,
      0.0,
      0.0,
      0.09833333333333333,
      0.0,
      0.0,
      0.06809523809523808,
      0.0,
      0.0,
      0.0,
      0.05649350649350651,
      0.08,
      0.02888888888888891,
      0.0,
      0.0,
      0.0,
      0.0,
      -0.03181818181818186,
      0.01949300699300699,
      0.0,
      0.0,
      -0.01245532245532241,
      0.0,
      0.0,
      0.0,
      0.04142857142857148,
      0.0,
      0.0,
      0.0,
      0.0,
      0.27692307692307694,
      0.0,
      0.0,
      0.004761904761904745,
      0.2777777777777778,
      0.0,
      0.0,
      0.03777777777777777,
      0.0
    ],
    "mean_delta_aj": -0.0055030257700110705,
    "n_instances_aj": 50,
    "deltas_aj": [
      0.0,
      -0.09539874540682913,
      0.0,
      0.0,
      -0.4243066489039603,
      0.0,
      0.23490839900795307,
      0.20473486137307742,
      -0.2833636867101603,
      0.0,
      -0.27668433707778917,
      0.0,
      0.0,
      0.0,
      0.13764153669450274,
      0.0,
      0.0,
      -0.02017576324515792,
      0.0,
      0.0,
      0.0,
      0.1565965978089038,
      0.08355181908904899,
      -0.03706449441491694,
      0.0,
      0.0,
      0.0,
      0.0,
      -0.09263454715697828,
      0.06408076696906671,
      0.0,
      0.0,
      0.0007835151164335002,
      0.0,
      0.0,
      0.0,
      0.004085717702663194,
      0.0,
      0.0,
      0.0,
      0.0,
      0.0,
      0.0,
      0.0,
      -0.2080721883102301,
      0.12941963225549213,
      0.0,
      0.0,
      0.14674627670832702,
      0.0
    ],
    "self_consistency_aj_mean": 0.9518451110669038,
    "self_consistency_aj_n": 48,
    "self_consistency_aj_values": [
      1.0,
      1.0,
      1.0,
      1.0,
      1.0,
      1.0,
      1.0,
      0.6601673816508179,
      1.0,
      1.0,
      0.05093937633159017,
      1.0,
      1.0,
      0.40565969886805486,
      1.0,
      1.0,
      1.0,
      1.0,
      1.0,
      1.0,
      0.5717988743609206,
      1.0,
      1.0,
      1.0,
      1.0,
      1.0,
      1.0,
      1.0,
      1.0,
      1.0,
      1.0,
      1.0,
      1.0,
      1.0,
      1.0,
      1.0,
      1.0,
      1.0,
      1.0,
      1.0,
      1.0,
      1.0,
      1.0,
      1.0,
      1.0,
      1.0,
      1.0,
      1.0
    ],
    "self_consistency_n_degenerate": 0,
    "self_consistency_n_missing": 2
  },
  "CF_alt": {
    "mean_delta": -0.058167316876800663,
    "n_instances": 49,
    "deltas": [
      0.0,
      -0.22857142857142856,
      0.0,
      0.0,
      -0.32666666666666666,
      -0.23636363636363636,
      0.0,
      0.0,
      0.0,
      0.025594405594405567,
      0.0,
      0.0,
      0.0,
      0.0,
      0.06523809523809526,
      0.0,
      0.0,
      0.0,
      0.0,
      0.0,
      -0.39027777777777783,
      -0.0964335664335664,
      0.0,
      0.0,
      -0.028311688311688288,
      -0.4125,
      -0.31515151515151507,
      -0.3012820512820513,
      0.0,
      0.0,
      0.0,
      0.0,
      0.3895238095238095,
      -0.005800865800865834,
      0.01773809523809522,
      -0.13362637362637358,
      0.0,
      -0.26321428571428573,
      -0.0886363636363636,
      0.0,
      0.0,
      0.0,
      -0.020713012477718354,
      -0.3130952380952381,
      -0.06015151515151512,
      -0.03888888888888889,
      -0.28384615384615386,
      0.33333333333333337,
      -0.13809523809523808
    ],
    "mean_delta_aj": -0.1443386738310066,
    "n_instances_aj": 49,
    "deltas_aj": [
      0.0,
      -0.5986782112401685,
      0.0,
      0.0,
      -0.7543567543567543,
      -0.4671715618801892,
      0.0,
      0.0,
      0.0,
      0.02330291569028492,
      0.0,
      0.0,
      0.0,
      0.0,
      0.12649358900931815,
      0.05944701782613179,
      0.0,
      0.0,
      0.0,
      0.0,
      -0.5853169547585825,
      -0.14263683517946782,
      0.0,
      0.0,
      -0.41834165247646565,
      -1.0281719572585073,
      -0.6591093606196419,
      -0.5248772946477203,
      0.0,
      0.0,
      0.0,
      0.0,
      0.6410906383738826,
      0.03174779009506706,
      -0.31771868924005064,
      -0.4644071510690561,
      0.0,
      -0.46187104269633583,
      -0.37715334115114174,
      0.0,
      0.0,
      0.0,
      0.08378585716318326,
      -0.531108451504491,
      -0.3598212875985736,
      -0.14463536933943408,
      -0.601743110715323,
      0.6025184149177305,
      -0.20386221506301844
    ],
    "self_consistency_aj_mean": 0.618591037287475,
    "self_consistency_aj_n": 17,