{
  "H_alt": {
    "mean_delta": 0.005377777777777778,
    "n_instances": 50,
    "deltas": [
      0.020000000000000018,
      0.0,
      0.0,
      0.0,
      0.0,
      0.0,
      0.0,
      0.0,
      0.0,
      0.0,
      0.15000000000000002,
      0.07,
      0.046666666666666634,
      0.0,
      0.0,
      0.03333333333333332,
      0.0,
      0.0,
      -0.02857142857142861,
      0.0,
      0.0,
      0.0,
      0.0,
      0.0,
      0.0,
      -0.04285714285714287,
      0.0,
      0.0,
      0.0,
      0.0,
      0.010000000000000009,
      0.0,
      0.0,
      0.0,
      0.0,
      0.0,
      0.0,
      0.0,
      0.0,
      -0.027777777777777762,
      0.0,
      0.0,
      0.0,
      0.0,
      0.0,
      0.0,
      0.038095238095238126,
      0.0,
      0.0,
      0.0
    ],
    "mean_delta_aj": 0.013505357027285978,
    "n_instances_aj": 50,
    "deltas_aj": [
      0.04850088183421515,
      0.0,
      0.0,
      0.0,
      0.0,
      0.0,
      0.0,
      0.0,
      0.0,
      0.0,
      0.2362204724409448,
      0.11182108626198081,
      0.1966049382716049,
      0.0,
      0.0,
      0.04681069958847736,
      0.0,
      0.0,
      -0.05531242402139555,
      -0.008893179323705841,
      0.0,
      0.0,
      0.0,
      0.0,
      0.0,
      -0.052037941345664335,
      0.0,
      0.0,
      0.0,
      0.0,
      0.04263736263736262,
      0.0,
      0.0,
      0.0,
      0.0,
      0.0,
      0.0,
      0.0,
      0.0,
      -0.031018625636279523,
      0.0,
      0.0,
      0.0,
      0.0,
      0.0,
      0.0,
      0.13993458065675843,
      0.0,
      0.0,
      0.0
    ],
    "self_consistency_aj_mean": 0.7130401134760601,
    "self_consistency_aj_n": 48,
    "self_consistency_aj_values": [
      0.4515948517067711,
      1.0,
      0.47242206235011985,
      0.40565969886805486,
      1.0,
      1.0,
      0.6223916666220133,
      1.0,
      1.0,
      1.0,
      0.21259842519685032,
      0.35384615384615387,
      0.32530120481927705,
      0.4225859247135843,
      1.0,
      0.4018488308863512,
      1.0,
      0.47242206235011985,
      0.5374282098705344,
      0.29044652421739686,
      -0.3333333333333333,
      1.0,
      1.0,
      1.0,
      1.0,
      0.532510540436949,
      1.0,
      1.0,
      0.5374282098705344,
      1.0,
      0.32530120481927705,
      0.5838556233795398,
      1.0,
      1.0,
      1.0,
      1.0,
      1.0,
      1.0,
      0.5374282098705344,
      0.6123296834841391,
      -0.14754098360655732,
      1.0,
      1.0,
      0.35384615384615387,
      0.2555545226364228,
      1.0,
      1.0,
      1.0
    ],
    "self_consistency_n_degenerate": 2,
    "self_consistency_n_missing": 0
  },
  "R_alt": {
    "mean_delta": 0.018269841269841266,
    "n_instances": 50,
    "deltas": [
      0.0,
      -0.08547619047619048,
      0.024444444444444435,
      0.0,
      0.0,
      0.0,
      0.008333333333333318,
      0.11095238095238091,
      0.01904761904761898,
      0.0,
      0.0,
      0.0,
      0.021428571428571408,
      0.0,
      0.0,
      0.0,
      0.0,
      0.0,
      0.0,
      0.0,
      0.0,
      0.0,
      0.10500000000000004,
      0.0,
      -0.043333333333333335,
      -0.054761904761904845,
      0.0,
      0.0,
      0.18333333333333335,
      0.1866666666666666,
      0.0,
      0.11000000000000001,
      0.10000000000000003,
      0.0,
      0.07523809523809527,
      0.08333333333333337,
      0.0,
      0.14190476190476192,
      -0.07999999999999996,
      -0.033333333333333326,
      0.0,
      0.03619047619047622,
      0.0,
      -0.018333333333333368,
      0.0,
      -0.003333333333333355,
      0.0,
      0.026190476190476153,
      0.0,
      0.0
    ],
    "mean_delta_aj": 0.03182009008731748,
    "n_instances_aj": 50,
    "deltas_aj": [
      0.0,
      -0.21896399692313465,
      -0.030992003933161982,
      0.0,
      0.0,
      0.0,
      0.1294101771147626,
      0.22811158255845443,
      0.06337764335347984,
      0.0,
      0.0,
      0.0,
      0.1722599671895872,
      0.0,
      0.0,
      0.0,
      0.0,
      0.0,
      0.0,
      0.0,
      0.0,
      0.0,
      0.15057049902497371,
      0.0,
      0.17782258064516132,
      -0.05467207393972959,
      0.0,
      0.0,
      0.06472343196922237,
      0.13247603144133885,
      0.0,
      0.3209271751350959,
      0.10804696611865802,
      0.0,
      -0.023709378487455763,
      0.11746121167648982,
      0.0,
      0.4459072006817698,
      0.0,
      0.17283437628398532,
      0.0,
      -0.4064926760877345,
      0.0,
      -0.08946647457459961,
      0.0,
      0.013320619861233396,
      0.0,
      0.11805164525747763,
      0.0,
      0.0
    ],
    "self_consistency_aj_mean": 0.9414243441246848,
    "self_consistency_aj_n": 41,
    "self_consistency_aj_values": [
      1.0,
      0.4429473684210527,
      1.0,
      1.0,
      1.0,
      1.0,
      1.0,
      0.24470134874759145,
      1.0,
      1.0,
      1.0,
      1.0,
      1.0,
      1.0,
      1.0,
      1.0,
      1.0,
      0.4505040489175343,
      1.0,
      1.0,
      1.0,
      1.0,
      1.0,
      1.0,
      1.0,
      1.0,
      1.0,
      0.4602453430258973,
      1.0,
      1.0,
      1.0,
      1.0,
      1.0,
      1.0,
      1.0,
      1.0,
      1.0,
      1.0,
      1.0,
      1.0,
      1.0
    ],
    "self_consistency_n_degenerate": 5,
    "self_consistency_n_missing": 4
  },
  "CF_alt": {
    "mean_delta": -0.010486302586302586,
    "n_instances": 50,
    "deltas": [
      0.0,
      0.0,
      0.009920634920634927,
      0.0,
      0.0,
      0.0,
      0.0,
      0.0,
      0.0,
      0.0,
      0.0,
      0.0,
      0.0,
      0.0,
      0.007539682539682541,
      0.0,
      0.0,
      0.0,
      0.00952380952380949,
      0.0,
      0.0,
      0.0,
      0.0,
      0.0,
      0.0,
      0.0,
      0.0,
      0.0,
      -0.16333333333333333,
      0.0,
      -0.016190476190476172,
      0.0,
      0.0,
      0.0,
      0.0,
      0.0,
      0.0,
      0.0,
      -0.3333333333333333,
      0.0,
      -0.007539682539682534,
      0.0,
      0.0,
      0.0,
      0.0,
      0.0,
      -0.030902430902430833,
      0.0,
      0.0,
      0.0
    ],
    "mean_delta_aj": -0.004816424950063746,
    "n_instances_aj": 50,
    "deltas_aj": [
      0.0,
      0.0,
      0.05150750615188024,
      0.0,
      0.0,
      0.0,
      0.0,
      0.0,
      0.0,
      0.0,
      0.0,
      0.0,
      0.0,
      0.0,
      0.08443982869166455,
      0.0,
      0.0,
      0.0,
      0.08083793406558093,
      0.0,
      0.0,
      0.0,
      0.0,
      0.0,
      0.0,
      0.0,
      0.0,
      0.0,
      -0.32263168001277975,
      0.0,
      -0.07156138787204266,
      0.0,
      0.0,
      0.0,
      0.0,
      0.0,
      0.0,
      0.0,
      0.0,
      0.039236780392558776,
      -0.030688490811473068,
      0.0,
      0.0,
      0.0,
      0.0,
      0.0,
      -0.07196173810857634,
      0.0,
      0.0,
      0.0
    ],
    "self_consistency_aj_mean": 0.8685767981285096,
    "self_consistency_aj_n": 48,
    "self_consistency_aj_values": [
      1.0,
      0.12070343725019984,
      0.5617791503824632,
      1.0,
      1.0,
      1.0,
      1.0,
      1.0,
      0.7712422101149019,
      0.10402275497765148,
      1.0,
      1.0,
      1.0,
      0.28750000000000003,
      1.0,
      1.0,
      1.0,
      0.2584745762711864,
      1.0,
      1.0,
      1.0,
      1.0,
      1.0,
      1.0,
      0.5101712687871374,
      1.0,
      1.0,
      1.0,
      0.3579766536964981,
      1.0,
      1.0,
      1.0,
      1.0,
      0.2746666666666666,
      1.0,
      1.0,
      1.0,
      1.0,
      0.44514959202175897,
      1.0,
      1.0,
      1.0,
      1.0,
      1.0,
      1.0,
      1.0,
      1.0,
      1.0
    ],
    "self_consistency_n_degenerate": 0,
    "self_consistency_n_missing": 2
  },
  "RO_alt": {
    "mean_delta": -0.0013047619047619051,
    "n_instances": 50,