{
  "H_alt": {
    "mean_delta": -0.00037760387760387706,
    "n_instances": 50,
    "deltas": [
      0.0,
      0.0,
      0.0,
      0.0,
      0.015286195286195292,
      -0.07757575757575758,
      0.0,
      0.12,
      0.032142857142857084,
      0.0,
      0.0,
      -0.033333333333333326,
      0.0,
      0.0,
      0.0,
      0.0,
      0.0,
      0.08333333333333337,
      0.05769230769230771,
      0.023333333333333317,
      0.09047619047619054,
      0.0,
      0.0,
      -0.05000000000000002,
      0.0,
      0.0,
      0.0,
      -0.1071428571428571,
      0.047619047619047616,
      0.0,
      0.0,
      0.0,
      0.0,
      0.0,
      0.0,
      0.0,
      -0.2571428571428571,
      0.0,
      0.032727272727272716,
      0.0,
      0.07767232767232765,
      0.0,
      -0.031111111111111145,
      0.0,
      0.062222222222222234,
      -0.02888888888888891,
      0.0,
      0.0,
      -0.0761904761904762,
      0.0
    ],
    "mean_delta_aj": -0.0035976655633031328,
    "n_instances_aj": 50,
    "deltas_aj": [
      0.0,
      0.0,
      0.0,
      0.0,
      -0.007970153653867218,
      -0.0755750976481595,
      0.0,
      0.10446841727350517,
      0.0590477380654836,
      0.0,
      0.0,
      -0.03467267218584397,
      0.0,
      0.0,
      0.0,
      0.0,
      0.0,
      0.0,
      0.12630120041456577,
      -0.0537723264352076,
      0.24173186485328424,
      0.0,
      0.0,
      -0.0903225806451613,
      0.0,
      0.0,
      0.0,
      -0.3683492496589359,
      0.05758300927310789,
      0.0,
      0.0,
      0.0,
      0.0,
      0.0,
      0.0,
      0.0,
      -0.4858895705521472,
      0.0,
      0.03583215173660381,
      0.0,
      0.14100709548397494,
      0.0,
      -0.04861515127833302,
      0.0,
      0.4480729421068546,
      -0.03753068449160307,
      0.0,
      0.0,
      -0.1912302108232779,
      0.0
    ],
    "self_consistency_aj_mean": 0.7083168685970443,
    "self_consistency_aj_n": 43,
    "self_consistency_aj_values": [
      1.0,
      0.5997827254627182,
      1.0,
      0.45983180539682217,
      0.35384615384615387,
      0.4225859247135843,
      0.612071515285607,
      0.532510540436949,
      0.6375292475210794,
      1.0,
      1.0,
      1.0,
      1.0,
      1.0,
      0.42095846358390887,
      0.532510540436949,
      1.0,
      1.0,
      0.2827868852459017,
      0.8027433219129104,
      1.0,
      0.5997827254627182,
      0.44700460829493094,
      0.5163027221058929,
      1.0,
      1.0,
      0.5623194542629429,
      1.0,
      1.0,
      0.4429473684210527,
      1.0,
      -0.08831887526174075,
      1.0,
      0.5141660021822859,
      0.5476222126217142,
      0.2405694350459805,
      1.0,
      0.43214970407735115,
      0.307909604519774,
      0.6656835806132808,
      1.0,
      0.6123296834841391,
      1.0
    ],
    "self_consistency_n_degenerate": 1,
    "self_consistency_n_missing": 6
  },
  "R_alt": {
    "mean_delta": 0.0065493048146109374,
    "n_instances": 49,
    "deltas": [
      0.0,
      0.0,
      -0.06895604395604393,
      0.0,
      0.05925925925925929,
      0.0,
      -0.0030303030303029943,
      0.0,
      0.0,
      0.0,
      0.0,
      0.036111111111111094,
      0.0,
      0.0,
      0.11333333333333334,
      -0.003318903318903249,
      0.0,
      0.0,
      0.0,
      0.0,
      0.0,
      0.0,
      0.0,
      0.033333333333333326,
      0.0,
      0.0,
      0.0,
      0.06357142857142856,
      0.0,
      0.0,
      0.0,
      0.0,
      -0.09000000000000002,
      0.0,
      0.11333333333333329,
      0.0,
      0.0222222222222222,
      0.0,
      0.0,
      0.10997557997557997,
      0.0,
      0.0,
      0.0,
      0.0,
      0.0,
      0.09904761904761905,
      0.0017482517482517723,
      -0.11333333333333334,
      -0.05238095238095242
    ],
    "mean_delta_aj": 0.015389040123910952,
    "n_instances_aj": 49,
    "deltas_aj": [
      0.0,
      0.0,
      -0.10829477036221441,
      0.0,
      0.012345374767682271,
      0.0,
      0.13615678790084323,
      0.0,
      0.0,
      0.0,
      0.0,
      0.05676790531857501,
      0.0,
      0.0,
      0.12274607113316785,
      -0.051935214620489945,
      0.0,
      0.0,
      0.0,
      0.0,
      0.0,
      0.0,
      0.0,
      -0.30510915774743896,
      0.0,
      0.0,
      0.0,
      0.2763984445109182,
      0.0,
      0.0,
      0.0,
      0.0,
      -0.054545454545454564,
      0.0,
      0.4833453180106565,
      0.0,
      0.30168776371308015,
      0.0,
      0.0,
      0.028181811720080066,
      0.0,
      0.0,
      0.0,
      0.0,
      0.0,
      0.07791062562065554,
      0.014370042301225312,
      -0.13755583375836544,
      -0.098406747891284
    ],
    "self_consistency_aj_mean": 0.987538170534202,
    "self_consistency_aj_n": 47,
    "self_consistency_aj_values": [
      1.0,
      1.0,
      1.0,
      1.0,
      1.0,
      1.0,
      1.0,
      1.0,
      1.0,
      1.0,
      1.0,
      1.0,
      1.0,
      1.0,
      1.0,
      1.0,
      1.0,
      1.0,
      1.0,
      1.0,
      1.0,
      1.0,
      1.0,
      1.0,
      1.0,
      1.0,
      1.0,
      1.0,
      1.0,
      1.0,
      1.0,
      1.0,
      1.0,
      1.0,
      1.0,
      1.0,
      1.0,
      1.0,
      1.0,
      1.0,
      1.0,
      1.0,
      1.0,
      1.0,
      1.0,
      1.0,
      0.4142940151074958
    ],
    "self_consistency_n_degenerate": 2,
    "self_consistency_n_missing": 1
  },
  "CF_alt": {
    "mean_delta": -0.02306246901246902,
    "n_instances": 50,
    "deltas": [
      0.0,
      0.0,
      0.018437118437118538,
      0.0,
      -0.07037037037037036,
      0.047763347763347744,
      -0.08015151515151517,
      0.0,
      -0.06821428571428573,
      0.0,
      0.0071428571428571175,
      -0.020079365079365086,
      0.0,
      -0.04222222222222219,
      0.031666666666666565,
      0.0,
      0.2483333333333334,
      -0.3480952380952381,
      -0.24999999999999997,
      0.10000000000000003,
      0.0,
      0.02999999999999997,
      -0.019999999999999962,
      0.0,
      -0.2938034188034188,
      0.1833333333333333,
      0.19404761904761897,
      0.0,
      0.0,
      0.0,
      -0.2766666666666667,
      0.0,
      0.0,
      -0.012301587301587313,
      0.0,
      0.10999999999999999,
      -0.48000000000000004,
      -0.037748917748917754,
      0.0716666666666666,
      0.11206349206349203,
      -0.03076923076923077,
      0.0,
      -0.05080808080808083,
      0.0,
      0.0,
      -0.056746031746031766,
      -0.16190476190476197,
      0.007303807303807308,
      -0.015000000000000069,
      0.0
    ],
    "mean_delta_aj": -0.06985621358100587,
    "n_instances_aj": 50,
    "deltas_aj": [
      0.0,
      0.0,
      0.031267610302793514,
      0.0,
      -0.10406024652560447,
      0.2333840851877121,
      -0.13653483150846515,
      0.0,
      -0.15122282458070097,
      0.0,
      -0.029759399959769076,
      -0.05721633680329069,
      0.0,
      -0.08582771772560344,
      0.13020857033719305,
      0.0,
      0.0,
      -0.6167484997272232,
      -0.28410835010040475,
      0.22807568175084392,
      0.0,
      0.13252062027715644,
      0.05655858511422274,
      0.0,
      -0.6254631765423687,
      -0.729166666666667,
      -0.2227662178702572,
      0.0,
      0.0,
      0.0,
      0.20157696263284186,
      0.0,
      0.0,
      -0.05716357092769401,
      0.0,
      -0.09967385093223863,
      -0.9972888176516728,
      -0.22113002160375905,
      0.13377782686990436,
      0.21813917625861612,
      -0.08108240781625134,
      0.0,
      -0.061305928709851486,
      0.0,
      0.0,
      0.10271402393941814,
      -0.29465132414863937,
      0.015303104603519243,
      -0.12116673652405402,
      0.0
    ],
    "self_consistency_aj_mean": 0.565362324430976,
    "self_consistency_aj_n": 38,