{
  "H_alt": {
    "mean_delta": 0.004086598736505818,
    "n_instances": 50,
    "deltas": [
      -0.007386363636363635,
      -0.004499274310595075,
      -0.005774462895205945,
      -0.007057740970784453,
      -0.027272727272727337,
      0.016551724137931045,
      0.01894736842105263,
      0.022904682308040977,
      0.006226692049817628,
      -0.02359453486035766,
      0.008547008547008558,
      0.004897959183673445,
      -0.021692111959287524,
      -0.0006050420168067089,
      0.015760146037331557,
      0.00362103174603174,
      -0.0028219484882418544,
      0.017585270470932904,
      0.00481550969355847,
      0.0,
      0.013873517786561262,
      -0.00685483870967743,
      -0.022435455378965782,
      0.02973737373737373,
      0.008390804597701168,
      0.010649507119386642,
      0.019320843091334895,
      -0.0010695080462522488,
      0.0,
      0.006951871657754044,
      -0.015654970494091203,
      0.012121212121212116,
      0.0,
      0.005243902439024395,
      0.006970128022759592,
      0.04613349613349613,
      0.007058823529411742,
      -0.004072398190045262,
      -0.0074603174603175,
      0.01366666666666666,
      0.01568627450980392,
      -0.0032395566922421154,
      -0.010822510822510845,
      -0.015901875901875903,
      0.0067488643737832615,
      0.017582417582417575,
      0.004716981132075443,
      0.0,
      0.012121212121212144,
      0.0357142857142857
    ],
    "mean_delta_aj": 0.00217063388129648,
    "n_instances_aj": 50,
    "deltas_aj": [
      -0.016684970345366687,
      -0.013579303261355702,
      -0.04668138235613584,
      -0.012250328952890674,
      -0.059529940509574164,
      0.30159733004208616,
      0.03706214218813575,
      0.06695120406358777,
      -0.045513312866004046,
      -0.09923548375551515,
      0.027134466256638526,
      0.016021330451314653,
      -0.2590621263351919,
      0.008587399133328125,
      0.04837279547461705,
      0.013681218896941766,
      -0.006498601510553925,
      0.024030563694240184,
      0.0230601376483881,
      0.0,
      0.015160119481767598,
      -0.07722517009227335,
      -0.157348968586855,
      -0.008316552003011096,
      0.019716477611687988,
      0.054612173513620174,
      0.08395197737574457,
      -0.014698827092566868,
      0.0,
      0.014387883541370883,
      -0.04537634674788399,
      0.022038230672356995,
      0.0,
      0.0,
      0.01253398523360047,
      0.12169917391524065,
      0.01845351481507168,
      -0.0012425366898669299,
      -0.008368365618855789,
      -0.12424351830729319,
      0.0689511820243516,
      -0.009709691357630001,
      -0.015207523441730153,
      -0.04814728108553963,
      0.014385512869622849,
      0.030907615497343888,
      0.011051188997100503,
      0.0,
      0.02599810707100697,
      0.09710619451175317
    ],
    "self_consistency_aj_mean": 0.47512195599019413,
    "self_consistency_aj_n": 47,
    "self_consistency_aj_values": [
      0.648224844680735,
      0.6324021717577529,
      0.620387145613417,
      0.640272602593953,
      0.5510824342564473,
      0.1591339733522169,
      0.4009844170357682,
      0.2977272094792097,
      0.06191374385213366,
      0.1141455149545258,
      0.6032814348111908,
      0.4009844170357682,
      0.24231683767815196,
      0.4479534480329679,
      0.5992224557835173,
      0.3674700759605741,
      0.7343014019135807,
      0.4401678881449646,
      0.3829797515897344,
      0.7959405910725105,
      0.5042305093248953,
      0.09702961611405907,
      0.4018674340674982,
      0.4729491557769806,
      0.3961021532545814,
      0.43516635820883054,
      0.636143776705738,
      0.3897628562993162,
      0.6980404459984867,
      0.23819820675682354,
      0.5620282027245393,
      0.530818874443699,
      0.6676958136458313,
      0.5891362300987221,
      0.520919220153988,
      0.244117612748827,
      0.5954658464072032,
      0.4125895359950931,
      0.22068149802091083,
      0.6086379766682326,
      0.34871730375035037,
      0.4196875577277973,
      0.7750636857793463,
      0.5254760711475647,
      0.800067289957691,
      0.7655711879251405,
      0.33367515223785327
    ],
    "self_consistency_n_degenerate": 1,
    "self_consistency_n_missing": 2
  },
  "R_alt": {
    "mean_delta": 0.009295313925572677,
    "n_instances": 50,
    "deltas": [
      0.1678611243828635,
      -0.0052631578947368585,
      -0.004464285714285698,
      0.0,
      0.012717086834733826,
      -0.004089212698796363,
      0.04437887444986835,
      0.0,
      0.018552034728341715,
      0.0,
      0.0,
      -0.035035035035035036,
      -0.009076973362687646,
      0.005095238095238111,
      -0.03831284181919774,
      0.0243839899937461,
      -0.002726847427934359,
      -0.005263157894736845,
      0.0,
      -0.014035087719298178,
      0.03223539745278875,
      0.08128540519276159,
      -0.07060579641224803,
      0.05732323232323233,
      0.005883344297978432,
      0.03924385292127229,
      0.006896551724137938,
      -0.022551602986385588,
      -0.009715874452716558,
      0.00686840120663651,
      -0.029504949947458642,
      0.041658456486042716,
      0.0,
      0.03896185115697312,
      0.10512820512820512,
      0.06214769003815657,
      0.0,
      0.0,
      0.0,
      -0.14444444444444446,
      0.0,
      0.05613578924823305,
      0.009018200581668134,
      0.0,
      0.00334719746484452,
      0.0,
      0.038351168153799714,
      -0.002037037037037004,
      0.0,
      0.00441890926411051
    ],
    "mean_delta_aj": 0.03004737993416375,
    "n_instances_aj": 50,
    "deltas_aj": [
      0.2435635170476652,
      -0.005352628592065228,
      0.12339151574495066,
      0.0,
      0.022629514818404584,
      0.029140141942621572,
      0.1299636670597188,
      0.0013226740375083187,
      0.11645441621144853,
      0.0,
      0.0,
      -0.006859255864290759,
      0.05263338833507539,
      0.276045558279059,
      -0.02225870408805656,
      0.02854212110416318,
      -0.02726703828223981,
      -0.01044660432292575,
      0.0,
      -0.08778233607481045,
      0.2984662370143504,
      0.15516581712325844,
      -0.0740605445538875,
      0.06797239127485497,
      0.04374534337600344,
      0.13427459734432573,
      0.004637766061316162,
      -0.03691632733582684,
      -0.052735112440052925,
      0.043024979692436016,
      -0.09509803340280604,
      0.026069935124783172,
      0.0,
      0.0787698971977099,
      0.13401344894670622,
      0.1819979930797416,
      0.0,
      0.0,
      0.0,
      -0.4844582218104001,
      0.0,
      0.08843717942370294,
      0.05416097816942528,
      0.0,
      0.016529838515733433,
      0.0,
      -0.019432313401606727,
      0.05902911831236172,
      0.0,
      0.015054081639831407
    ],
    "self_consistency_aj_mean": 0.7888519196371533,
    "self_consistency_aj_n": 50,
    "self_consistency_aj_values": [
      1.0,
      1.0,
      0.42618834371261893,
      1.0,
      1.0,
      1.0,
      0.6154457967283843,
      0.4933430754624851,
      1.0,
      1.0,
      1.0,
      0.6640255771902058,
      1.0,
      1.0,
      1.0,
      1.0,
      0.5572042252610718,
      -0.05063291139240506,
      1.0,
      0.4863361167401258,
      0.21014845342111288,
      0.21970200911078228,
      1.0,
      0.28915020902875815,
      1.0,
      0.4146859417029778,
      1.0,
      1.0,
      0.550182379014259,
      1.0,
      0.30742695228266154,
      0.5262094969217348,
      1.0,
      0.33435435282915255,
      1.0,
      0.6034098093241168,
      1.0,
      1.0,
      1.0,
      0.38965927099841524,
      1.0,
      1.0,
      1.0,
      1.0,
      1.0,
      1.0,
      0.5553938739498012,
      1.0,
      1.0,
      0.8503630095714054
    ],
    "self_consistency_n_degenerate": 0,
    "self_consistency_n_missing": 0
  },
  "CF_alt": {
    "mean_delta": 0.0013346769799036345,
    "n_instances": 50,