{
  "H_alt": {
    "mean_delta": 0.012671170278721763,
    "n_instances": 46,
    "deltas": [
      -0.08333333333333337,
      0.07777777777777772,
      0.0,
      0.06363636363636371,
      0.0,
      0.07777777777777778,
      -0.02181818181818182,
      -0.007272727272727264,
      0.02363636363636365,
      0.0,
      0.0,
      -0.04266666666666663,
      0.0,
      0.0,
      0.0,
      0.0,
      0.0,
      0.0,
      0.0,
      0.036111111111111094,
      -0.0058608058608058955,
      0.07727272727272727,
      0.052927416580667325,
      0.0071969696969697294,
      0.0,
      -0.03333333333333331,
      0.0,
      0.019230769230769232,
      0.0,
      0.017582417582417575,
      0.047619047619047616,
      0.0,
      0.0,
      0.0,
      0.0,
      0.023636363636363622,
      0.02226399331662482,
      0.0763888888888889,
      0.006543385490753895,
      0.035591206179441476,
      0.03928571428571426,
      0.0,
      0.037012987012987,
      -0.010793650793650772,
      -0.011428571428571455,
      0.05788982259570502
    ],
    "mean_delta_aj": 0.04456748917753735,
    "n_instances_aj": 45,
    "deltas_aj": [
      -0.15959248976518756,
      0.09844470286440993,
      0.0,
      0.07942959843843178,
      0.0,
      0.1303943314143935,
      -0.038437522017395344,
      0.0008699397972036227,
      0.03912142476996461,
      0.0,
      0.0,
      0.09184701933388417,
      0.0,
      0.0,
      0.0,
      0.0,
      0.0,
      0.0,
      0.04457015970453926,
      0.05032458016521543,
      0.12040051245118022,
      0.13436322685308494,
      0.0,
      0.0,
      -0.03418550132561425,
      0.0,
      0.05815836723066547,
      0.0,
      0.031789387352602005,
      0.045424786518251686,
      0.0,
      0.0,
      0.0,
      0.0,
      0.030706923674947945,
      0.05850268678033216,
      0.11499982198169974,
      0.14180376518781168,
      0.06196175858953823,
      0.6138743081102038,
      0.0,
      0.0583735992713881,
      0.036690614455888726,
      -0.0573556110629907,
      0.25305662221473124
    ],
    "self_consistency_aj_mean": 0.6034979851663179,
    "self_consistency_aj_n": 48,
    "self_consistency_aj_values": [
      0.6726305541617605,
      0.6835705979358252,
      0.7372308872649048,
      0.6835705979358252,
      1.0,
      0.7283773243674084,
      0.5523643769137443,
      0.43745884077480035,
      0.5110791838613351,
      0.2866096400792112,
      0.4427157475597098,
      0.5007136387642553,
      0.6835705979358252,
      0.11891388878469776,
      1.0,
      0.6917958656921387,
      0.7256568278372748,
      0.6306415871428892,
      0.3266122137824019,
      0.6656835806132808,
      0.7109226580144952,
      0.3266122137824019,
      0.747608179230893,
      1.0,
      0.6306415871428892,
      0.6306415871428892,
      0.5222379768452814,
      0.5061822901070947,
      0.6124150481511658,
      0.6835705979358252,
      0.5701973312110502,
      0.5756933510960397,
      0.7192037337501473,
      0.4876067821547062,
      0.44525359820777827,
      1.0,
      0.37281671088146495,
      0.2510923575805007,
      0.6483777006508248,
      0.8092920765191375,
      0.5546136873879983,
      0.5061822901070947,
      0.647209399870824,
      0.5505584486700049,
      0.6879551489918753,
      0.36138316300611467,
      0.6929101706163996,
      0.6375292475210794
    ],
    "self_consistency_n_degenerate": 0,
    "self_consistency_n_missing": 1
  },
  "R_alt": {
    "mean_delta": 0.002621013270514319,
    "n_instances": 46,
    "deltas": [
      0.0,
      0.0,
      0.0,
      -0.10101010101010097,
      0.07238095238095235,
      0.0,
      0.0015151515151514972,
      0.0,
      0.0,
      0.0,
      0.0,
      0.0,
      -0.19642857142857142,
      0.0,
      0.0,
      0.060317460317460325,
      -0.005319865319865252,
      0.0,
      -0.00017585757707337668,
      0.0,
      0.02793650793650787,
      0.0,
      0.0,
      0.07108784893267647,
      0.0,
      0.019841269841269854,
      0.017993848257006118,
      0.0,
      0.0,
      0.0,
      -0.03966386554621848,
      0.0,
      0.0,
      0.19523809523809527,
      0.0,
      0.065,
      -0.14111111111111116,
      0.0,
      0.0,
      0.03065227170490331,
      0.028222222222222204,
      0.0,
      -0.038846153846153836,
      0.0,
      0.05293650793650789,
      0.0
    ],
    "mean_delta_aj": -0.04313229679350493,
    "n_instances_aj": 45,
    "deltas_aj": [
      0.0,
      0.0,
      0.0,
      -0.1493790554591227,
      -0.456198373155599,
      0.0,
      0.03436394434337005,
      0.0,
      0.0,
      0.0,
      0.0,
      0.0,
      -0.5577975559049282,
      0.0,
      0.0,
      -0.013353171287376092,
      0.03578842487200449,
      0.0,
      0.0,
      0.029365853940493097,
      0.0,
      0.0,
      -0.3089158587637233,
      0.0,
      0.034362218989655524,
      0.057483699886973105,
      0.0,
      0.0,
      0.0,
      -0.012759089885244101,
      0.0,
      0.0,
      -0.7197213791626489,
      0.0,
      0.057482448077376826,
      -0.19730999230298607,
      0.0,
      0.0,
      -0.0766230950876858,
      0.6876253998782345,
      0.0,
      -0.0648008835701539,
      0.0,
      -0.3205668911163614,
      0.0
    ],
    "self_consistency_aj_mean": 0.9778233683824004,
    "self_consistency_aj_n": 43,
    "self_consistency_aj_values": [
      1.0,
      0.6835705979358252,
      1.0,
      1.0,
      1.0,
      1.0,
      1.0,
      0.6835705979358252,
      1.0,
      1.0,
      1.0,
      1.0,
      1.0,
      1.0,
      1.0,
      1.0,
      1.0,
      1.0,
      1.0,
      1.0,
      1.0,
      1.0,
      1.0,
      1.0,
      1.0,
      1.0,
      1.0,
      1.0,
      1.0,
      1.0,
      1.0,
      1.0,
      1.0,
      1.0,
      1.0,
      1.0,
      1.0,
      1.0,
      1.0,
      0.6792636445715602,
      1.0,
      1.0,
      1.0
    ],
    "self_consistency_n_degenerate": 1,
    "self_consistency_n_missing": 5
  },
  "CF_alt": {
    "mean_delta": -0.02047974821194181,
    "n_instances": 46,
    "deltas": [
      -0.10879446640316204,
      -0.08783625730994149,
      -0.14905982905982906,
      0.0,
      -0.03725490196078432,
      -0.15837535014005605,
      0.0,
      0.10543859649122811,
      0.0,
      0.023653188916346816,
      -0.10682901070832113,
      0.027391608391608424,
      -0.022619047619047622,
      0.017192982456140357,
      0.07252747252747255,
      -0.05404761904761904,
      0.035200779727095566,
      -0.07272727272727271,
      0.011524961866907157,
      0.027922077922077904,
      0.09433969539232695,
      -0.2387012987012987,
      -0.06101830663615562,
      0.01703131722908599,
      -0.08666666666666673,
      0.0,
      -0.08325782404729778,
      0.004078884078884085,
      -0.027271062271062296,
      -0.029294160873108238,
      0.10087719298245618,
      -0.018615781878939766,
      0.006332556332556333,
      -0.05542124542124541,
      -0.037012987012987,
      -0.007792207792207767,
      -0.0003629764065335994,
      -0.14166666666666666,
      0.07312722983930409,
      -0.08295482295482293,
      0.005238095238095208,
      0.06277777777777777,
      0.0,
      -0.02033613445378149,
      -0.003512820512820508,
      0.06470588235294122
    ],
    "mean_delta_aj": 0.016257950853515748,
    "n_instances_aj": 45,