{
  "H_alt": {
    "mean_delta": -0.003728407213701331,
    "n_instances": 50,
    "deltas": [
      0.0,
      0.0,
      0.033333333333333326,
      0.0,
      0.033333333333333326,
      0.0,
      -0.10833333333333334,
      0.0,
      -0.03214285714285717,
      -0.032303921568627436,
      0.02888888888888891,
      0.0,
      0.0,
      0.0,
      0.0,
      -0.027272727272727282,
      -0.03928571428571426,
      0.0,
      -0.027272727272727282,
      0.0,
      0.14682539682539686,
      0.0,
      0.0,
      0.0,
      0.0,
      -0.020000000000000018,
      -0.12698412698412695,
      -0.05166666666666664,
      0.0,
      0.0,
      0.0,
      0.0032539682539682313,
      0.025454545454545452,
      0.05999999999999997,
      0.0,
      0.0,
      0.0,
      0.0,
      0.06000000000000005,
      0.0,
      0.06771561771561768,
      -0.03111111111111109,
      0.06,
      -0.0357142857142857,
      0.0,
      0.061111111111111116,
      -0.27142857142857146,
      0.03717948717948717,
      0.0,
      0.0
    ],
    "mean_delta_aj": -0.011850981012433183,
    "n_instances_aj": 50,
    "deltas_aj": [
      0.0,
      0.0,
      0.08236938205112508,
      0.0,
      0.058766662030606875,
      0.0,
      -0.2033135238612884,
      0.0,
      -0.05399382927665414,
      -0.09950687581081374,
      0.05053887749393997,
      0.0,
      0.0,
      0.0,
      0.0,
      -0.03663056483892113,
      -0.10365596499551902,
      0.0,
      -0.07353741252033669,
      0.0,
      0.30436733472928507,
      0.0,
      0.0,
      0.0,
      0.0,
      0.038819875776397506,
      -0.33414932680538567,
      -0.24954583155379767,
      0.0,
      0.0,
      0.0,
      0.04096394594589858,
      -0.04515983225008219,
      0.16363636363636366,
      0.0,
      0.0,
      0.0,
      0.0,
      0.06680217469993555,
      0.0,
      0.09258054049599107,
      -0.0827527722539686,
      0.14138875449975807,
      -0.1981132075471697,
      0.0,
      0.15428664037599268,
      -0.38992338658379583,
      0.07441741102183008,
      0.008795514918949365,
      0.0
    ],
    "self_consistency_aj_mean": 0.531254148432841,
    "self_consistency_aj_n": 49,
    "self_consistency_aj_values": [
      1.0,
      0.5997827254627182,
      0.6234089796949239,
      0.7276741307085618,
      0.722618688202364,
      0.09971967566137027,
      1.0,
      0.0376432078559739,
      0.31034936050774586,
      0.532510540436949,
      0.6375292475210794,
      0.48686124309124396,
      0.706239186279201,
      0.2679738562091503,
      0.19764059347187404,
      0.48810754912099275,
      1.0,
      0.6841591619548595,
      1.0,
      0.18189344576466077,
      1.0,
      0.4142940151074958,
      1.0,
      0.48713263697356723,
      0.07407407407407395,
      0.29961976955975667,
      0.44700460829493094,
      1.0,
      1.0,
      0.4880130028443723,
      0.23405904496015,
      0.028625094880932435,
      0.307909604519774,
      1.0,
      1.0,
      1.0,
      0.5683460830504754,
      0.5141660021822859,
      0.5476222126217142,
      0.43745884077480035,
      0.5533317908375751,
      0.22565868737820616,
      -0.15348399246704325,
      1.0,
      0.40565969886805486,
      -0.483050847457627,
      0.30427765567041193,
      0.6123296834841391,
      0.4142940151074958
    ],
    "self_consistency_n_degenerate": 1,
    "self_consistency_n_missing": 0
  },
  "R_alt": {
    "mean_delta": -0.00205903540903541,
    "n_instances": 50,
    "deltas": [
      0.0,
      0.0,
      0.0,
      0.0,
      -0.010317460317460336,
      0.0,
      -0.0025757575757575646,
      0.03999999999999998,
      0.0,
      -0.025176767676767686,
      0.007619047619047636,
      -0.03904761904761905,
      -0.05000000000000002,
      0.0,
      0.0,
      0.0,
      0.027380952380952395,
      0.0,
      0.0,
      0.0,
      0.0,
      0.0,
      0.0,
      0.0,
      0.0,
      0.0,
      -0.16666666666666666,
      -0.08888888888888885,
      0.0,
      0.0,
      0.0,
      -0.1138888888888889,
      0.0,
      0.0,
      0.0,
      0.35,
      0.0,
      0.0,
      0.0,
      0.0,
      -0.09077922077922077,
      0.0,
      -0.0053968253968254,
      0.033333333333333326,
      0.0,
      0.0,
      0.0,
      0.03145299145299142,
      0.0,
      0.0
    ],
    "mean_delta_aj": -0.022848725777197543,
    "n_instances_aj": 50,
    "deltas_aj": [
      0.0,
      0.0,
      0.0,
      0.0,
      0.03741516880702178,
      0.0,
      -0.07647331471688332,
      -0.024710804233945866,
      0.0,
      -0.04040816316562951,
      -0.05164601400757478,
      -0.17773182193142537,
      -0.061657597366398365,
      0.0,
      0.0,
      0.0,
      0.00878389237840646,
      0.0,
      0.0,
      0.0,
      0.0,
      0.0,
      0.0,
      0.0,
      0.0,
      0.0,
      -0.5833333333333333,
      -0.5741477499532587,
      0.0,
      0.0,
      0.0,
      -0.30170491618468254,
      0.0,
      0.0,
      0.0,
      0.6879723148598964,
      0.0,
      0.0,
      0.0,
      0.0,
      -0.1796674785818232,
      0.0,
      0.018033136698911587,
      0.13328117709223775,
      0.0,
      0.0,
      0.0,
      0.04355921477860368,
      0.0,
      0.0
    ],
    "self_consistency_aj_mean": 0.9391428594075147,
    "self_consistency_aj_n": 48,
    "self_consistency_aj_values": [
      1.0,
      1.0,
      1.0,
      1.0,
      1.0,
      1.0,
      0.20424786475624873,
      1.0,
      1.0,
      1.0,
      1.0,
      1.0,
      1.0,
      1.0,
      1.0,
      1.0,
      1.0,
      1.0,
      1.0,
      1.0,
      1.0,
      1.0,
      1.0,
      1.0,
      1.0,
      1.0,
      1.0,
      0.2633015006821281,
      1.0,
      1.0,
      1.0,
      1.0,
      1.0,
      1.0,
      1.0,
      0.3793540215326156,
      1.0,
      1.0,
      1.0,
      1.0,
      0.6962015211360322,
      1.0,
      0.5357523434536817,
      1.0,
      1.0,
      1.0,
      1.0,
      1.0
    ],
    "self_consistency_n_degenerate": 0,
    "self_consistency_n_missing": 2
  },
  "CF_alt": {
    "mean_delta": -0.01787359862359862,
    "n_instances": 50,
    "deltas": [
      0.05833333333333332,
      0.0,
      0.18658008658008657,
      0.14999999999999997,
      0.0,
      0.053203463203463225,
      -0.030808080808080812,
      0.0,
      0.0,
      0.16242063492063485,
      -0.16666666666666663,
      0.014682539682539741,
      0.3,
      0.0,
      0.10357142857142854,
      -0.009761904761904805,
      0.0,
      -0.3166666666666667,
      0.0,
      -0.026190476190476153,
      0.0,
      0.0,
      0.0,
      -0.023333333333333317,
      0.02050505050505047,
      0.0,
      0.0,
      -0.09166666666666667,
      0.0,
      0.029523809523809508,
      -0.3547619047619047,
      0.0,
      0.06944444444444445,
      -0.07380952380952382,
      0.0,
      -0.29000000000000004,
      0.09047619047619054,
      0.0,
      -0.01690476190476181,
      -0.18103174603174604,
      -0.013626373626373617,
      -0.13523809523809519,
      -0.046728826728826695,
      0.10166666666666668,
      -0.06190476190476191,
      -0.14523809523809525,
      -0.22500000000000003,
      0.015726495726495718,
      -0.1833333333333333,
      0.14285714285714285
    ],
    "mean_delta_aj": -0.024590077345397372,
    "n_instances_aj": 50,