{
  "H_alt": {
    "mean_delta": 0.0034804022774610932,
    "n_instances": 50,
    "deltas": [
      0.0,
      0.0,
      0.0,
      0.02916666666666662,
      -0.020000000000000018,
      0.0,
      0.0,
      0.0,
      0.05595238095238092,
      0.0,
      -0.10000000000000003,
      0.0,
      0.0,
      0.06363636363636366,
      0.014999999999999958,
      -0.06666666666666665,
      0.04285714285714276,
      -0.020512820512820523,
      0.042857142857142844,
      -0.03333333333333338,
      0.06999999999999995,
      0.0,
      0.0,
      0.04999999999999999,
      -0.030555555555555558,
      -0.022727272727272763,
      0.0,
      0.0,
      0.02696969696969695,
      0.0,
      0.00500000000000006,
      -0.005584415584415581,
      0.040000000000000036,
      0.0,
      0.0,
      -0.03137254901960784,
      0.0,
      0.0,
      0.0,
      0.0,
      -0.024999999999999994,
      0.0,
      0.13214285714285712,
      0.0,
      0.0,
      0.0,
      -0.07714285714285712,
      0.0,
      0.03333333333333327,
      0.0
    ],
    "mean_delta_aj": 0.03899920754956493,
    "n_instances_aj": 50,
    "deltas_aj": [
      0.0,
      0.0,
      0.0,
      0.1519166882453601,
      -0.06892230576441105,
      0.0,
      0.0,
      0.0,
      0.1600282136346559,
      0.0,
      -0.11953551912568308,
      0.0,
      0.0,
      0.46356271182990505,
      0.035049792858908184,
      0.14620167391476196,
      0.0,
      0.0,
      0.3321175844320685,
      -0.07251220593962293,
      0.2777777777777778,
      0.0,
      0.0,
      0.24725274725274726,
      0.0,
      -0.05548369507485129,
      0.0,
      0.0,
      0.09035876380175399,
      0.0,
      0.15266254094204934,
      0.01772131392345009,
      0.04819745582066426,
      0.0,
      0.0,
      -0.13935208686863665,
      0.0,
      0.0,
      0.0,
      0.0,
      -0.056031919111816,
      0.0,
      0.24088469669865015,
      0.0,
      0.0,
      0.0,
      -0.021655591958848086,
      0.0,
      0.11972174018936277,
      0.0
    ],
    "self_consistency_aj_mean": 0.5024886251773593,
    "self_consistency_aj_n": 46,
    "self_consistency_aj_values": [
      0.4515948517067711,
      1.0,
      0.47242206235011985,
      0.40565969886805486,
      0.32530120481927705,
      1.0,
      0.3391854165885233,
      1.0,
      0.5838556233795398,
      1.0,
      0.21259842519685032,
      1.0,
      0.4225859247135843,
      0.647209399870824,
      -0.19630233822729748,
      -0.3333333333333333,
      0.12070343725019984,
      0.5374282098705344,
      0.4705027493143157,
      -0.3333333333333333,
      1.0,
      0.37434827945776855,
      0.21259842519685032,
      0.21259842519685032,
      0.532510540436949,
      1.0,
      0.21259842519685032,
      0.5374282098705344,
      1.0,
      -0.07951807228915664,
      0.2866096400792112,
      0.2827868852459017,
      0.32157694609724324,
      1.0,
      0.3793540215326156,
      1.0,
      1.0,
      0.32157694609724324,
      0.2827868852459017,
      0.2827868852459017,
      1.0,
      0.35384615384615387,
      0.02291531096030495,
      1.0,
      0.4515948517067711,
      1.0
    ],
    "self_consistency_n_degenerate": 2,
    "self_consistency_n_missing": 2
  },
  "R_alt": {
    "mean_delta": -0.0027903977286330285,
    "n_instances": 50,
    "deltas": [
      -0.07,
      0.0,
      0.0,
      0.0,
      -0.10191919191919196,
      0.0,
      0.10523809523809527,
      0.0,
      0.0,
      0.0,
      -0.10000000000000003,
      -0.05515873015873024,
      0.0,
      0.0,
      -0.11437728937728939,
      0.0,
      0.1285714285714285,
      0.0,
      -0.024615384615384622,
      0.0,
      -0.07000000000000006,
      0.09666666666666668,
      0.0,
      -0.031111111111111117,
      0.0,
      -0.03555555555555562,
      0.0,
      0.0,
      0.09333333333333327,
      -0.03523809523809529,
      0.0,
      0.0012654012654012559,
      -0.1796296296296296,
      0.0,
      0.04000000000000009,
      0.0,
      -0.02857142857142861,
      -0.021818181818181792,
      0.1804761904761905,
      0.005699855699855705,
      0.0,
      0.043333333333333335,
      0.0,
      0.013235294117647067,
      0.0,
      -0.006666666666666654,
      0.019812622018504367,
      0.0,
      0.0,
      0.007509157509157538
    ],
    "mean_delta_aj": -0.021127000406756306,
    "n_instances_aj": 50,
    "deltas_aj": [
      0.2694188008470572,
      0.0,
      0.0,
      0.0,
      0.2863467471407629,
      0.0,
      -0.42194226492267695,
      0.0,
      0.0,
      0.0,
      -0.19444444444444456,
      -0.9051724137931039,
      0.0,
      0.0,
      -0.08185275685043766,
      0.0,
      -0.11236338797814197,
      0.0,
      0.7153301818536861,
      0.0,
      0.26234567901234596,
      -0.058966675536735624,
      0.0,
      -0.5210467498603091,
      0.0,
      -0.08187710677598647,
      0.0,
      0.0,
      0.225958422155354,
      0.1686746987951807,
      0.0,
      0.19630087535406066,
      -0.8089804931910194,
      0.0,
      0.23128589506473274,
      0.0,
      0.06365522707403243,
      -0.8389830508474576,
      0.46881041268815005,
      0.23477377960162277,
      0.0,
      -0.010559014668398925,
      0.0,
      -0.12307781387825739,
      0.0,
      -0.33717518954816067,
      0.15740092529018543,
      0.0,
      0.0,
      0.1597896970801438
    ],
    "self_consistency_aj_mean": 0.8635918366873837,
    "self_consistency_aj_n": 44,
    "self_consistency_aj_values": [
      -0.25130344108446295,
      1.0,
      1.0,
      1.0,
      1.0,
      1.0,
      1.0,
      1.0,
      1.0,
      1.0,
      1.0,
      1.0,
      1.0,
      1.0,
      1.0,
      1.0,
      1.0,
      1.0,
      1.0,
      1.0,
      1.0,
      1.0,
      1.0,
      1.0,
      1.0,
      1.0,
      1.0,
      1.0,
      -0.13142857142857142,
      1.0,
      1.0,
      1.0,
      1.0,
      -0.4999999999999997,
      1.0,
      1.0,
      0.05769230769230784,
      1.0,
      1.0,
      1.0,
      -0.17691948093439339,
      1.0,
      1.0,
      1.0
    ],
    "self_consistency_n_degenerate": 4,
    "self_consistency_n_missing": 2
  },
  "CF_alt": {
    "mean_delta": 0.002175979902450496,
    "n_instances": 50,
    "deltas": [
      0.0,
      0.0,
      0.0,
      0.021323529411764686,
      0.0,
      0.021212121212121182,
      0.0,
      0.017676767676767735,
      0.0,
      0.0,
      0.0,
      0.0,
      0.026794871794871833,
      0.0,
      0.0,
      0.0,
      0.03333333333333327,
      0.0,
      0.0,
      -0.01167366946778714,
      0.0,
      -0.03444444444444439,
      0.0,
      0.0,
      0.02452380952380956,
      0.0,
      0.0,
      0.0,
      -0.03303030303030302,
      0.0,
      0.0,
      0.010476190476190472,
      -0.04580419580419576,
      0.0,
      -0.1158730158730158,
      0.0,
      -0.02182539682539683,
      0.016565656565656617,
      0.009126984126984095,
      0.0,
      0.0,
      0.07621212121212118,
      0.0,
      0.12177234530175712,
      0.0,
      -0.05767676767676766,
      0.00821428571428573,
      0.04636363636363644,
      0.0,
      -0.00446886446886452
    ],
    "mean_delta_aj": -0.005224064843376608,
    "n_instances_aj": 50,