{
  "H_alt": {
    "mean_delta": -0.0022285016441658478,
    "n_instances": 50,
    "deltas": [
      -0.01071809256661993,
      -0.004234724742891688,
      0.0,
      -0.013436293436293434,
      0.0,
      0.003565166569257733,
      0.0,
      0.0,
      0.0053191489361702204,
      0.0,
      0.004653061224489774,
      -0.008201058201058195,
      0.0012796667962959862,
      0.005409579667644188,
      0.0,
      -0.016547234894848134,
      0.0027349228611500964,
      -0.005365853658536583,
      -0.006477732793522262,
      -0.024358974358974328,
      0.0,
      -0.0011382512836001224,
      0.0029012345679012425,
      -0.0160312805474096,
      0.0,
      -0.013256809573144346,
      0.0,
      0.0,
      -0.010101010101010097,
      0.008045977011494287,
      0.0,
      0.015199046818054396,
      0.0,
      -0.009680528865588262,
      -0.009846153846153866,
      -0.004698581560283688,
      0.006401137980085347,
      0.0,
      -0.011333333333333362,
      0.0,
      0.016339869281045694,
      0.0,
      -0.029970029970029927,
      -0.014598602085705958,
      0.0,
      0.025454545454545396,
      -0.004784313725490208,
      0.0,
      0.0,
      0.006050420168067228
    ],
    "mean_delta_aj": -0.008738099057525962,
    "n_instances_aj": 50,
    "deltas_aj": [
      -0.0975284735143252,
      -0.00901836282201196,
      0.0,
      -0.0257982007831164,
      0.0,
      -0.0010762436153333999,
      0.0,
      0.0,
      0.006527193641384876,
      0.0,
      0.011549641335867056,
      -0.05415570899882026,
      -0.03759484274250846,
      0.025194307738342872,
      0.0,
      -0.030541057041099107,
      0.007429950696298648,
      -0.026732351911743845,
      -0.005262794853441666,
      -0.045074630774780355,
      0.0,
      -0.02432622476837315,
      0.00669948098309367,
      -0.02331769023147079,
      0.0,
      -0.05420050620951289,
      0.0,
      0.0,
      -0.03249244136137501,
      0.02426879196036147,
      0.0,
      0.04551771991432929,
      0.0,
      -0.01559791185441406,
      -0.047194328750857384,
      0.0,
      0.009151196604778422,
      0.0,
      -0.027272295422880344,
      0.0,
      0.043417391894108426,
      0.0,
      -0.052943651810600595,
      -0.06763867137846591,
      0.0,
      0.0699965680216712,
      -0.008890806821403231,
      0.0,
      0.0,
      0.0
    ],
    "self_consistency_aj_mean": 0.6026485906191689,
    "self_consistency_aj_n": 49,
    "self_consistency_aj_values": [
      0.5490062111291475,
      0.6989198740111119,
      1.0,
      0.2743854894788984,
      0.5510824342564473,
      0.6075282085038431,
      0.6234759192796255,
      0.9535785782537106,
      0.5730691032392063,
      0.9036603875679986,
      0.29097107498170294,
      0.6234759192796255,
      0.6721298315770913,
      0.20235090163975522,
      0.9580453259497898,
      0.8481928182305379,
      0.44444838581930507,
      0.4401678881449646,
      0.460255780306874,
      0.33680692098565923,
      0.814508013692988,
      0.5709869216831504,
      0.6476617610787002,
      0.3386164018300744,
      0.4265882018869928,
      0.5841805080672436,
      0.28160221184685647,
      0.701254890347869,
      0.8508309204287217,
      0.38349924391357704,
      0.8060868162653734,
      0.4894500191760343,
      0.4857818561889322,
      0.32154561952690575,
      0.6910778425269616,
      0.520919220153988,
      1.0,
      0.5123918684372539,
      0.9259930510311768,
      0.8286719479985687,
      0.29117905987757187,
      0.454888610359324,
      0.6344842010843803,
      0.9448571887433654,
      0.7750636857793463,
      0.31645957867684904,
      1.0,
      0.39718305466464665,
      0.522467192437128
    ],
    "self_consistency_n_degenerate": 1,
    "self_consistency_n_missing": 0
  },
  "R_alt": {
    "mean_delta": 0.005281501745401591,
    "n_instances": 50,
    "deltas": [
      0.006078173034694739,
      0.0018156679921386143,
      -0.07764568764568766,
      -0.0842061642061642,
      0.0,
      0.0,
      -0.019444444444444403,
      0.0,
      -0.00751984126984126,
      0.07403801206008337,
      -0.06300426742532003,
      0.003917378917378922,
      0.0026721893831528065,
      0.040363840636072956,
      0.007811830042673093,
      0.0,
      -0.05298205054460445,
      0.057142857142857134,
      0.0,
      0.0008870214752567662,
      0.025793727630112062,
      -0.004519794721407622,
      -0.03394009216589861,
      -0.017745450582979272,
      0.01636021636021634,
      -0.0029993815708101446,
      0.0,
      0.017582417582417603,
      0.05554211634432349,
      0.055162686775590025,
      0.013843200726921634,
      0.025871688975137197,
      0.17523809523809525,
      0.11676913791695426,
      0.011097057531840121,
      0.0,
      0.0,
      -0.012189823599690758,
      0.0,
      -0.009095132509766651,
      0.0,
      0.008358395989974926,
      0.0,
      -0.04869087592753804,
      0.0007668364459535726,
      0.0,
      0.0,
      0.0,
      -0.024242424242424232,
      0.005187969924812033
    ],
    "mean_delta_aj": 0.02049667834928229,
    "n_instances_aj": 50,
    "deltas_aj": [
      -0.002387108528590809,
      0.025879137630748145,
      -0.17406587884680386,
      -0.15990520782090317,
      0.0,
      0.0,
      -0.06167003399174044,
      0.0,
      -0.05829022682129531,
      0.26129036822708335,
      -0.12458384577453219,
      -0.08684620288758238,
      0.023955826354152554,
      0.07557822444529018,
      0.05108579702313547,
      0.0,
      -0.17250926231612607,
      0.24509402757572196,
      0.0,
      0.07205088078419786,
      0.10899363471731754,
      -0.008284749950261072,
      -0.03441271952785138,
      -0.063934407283321,
      -0.072598310957175,
      0.0065858816016465815,
      0.0,
      0.03605450264230897,
      0.19193728570742252,
      0.1278767135892256,
      0.05808425672409245,
      0.11812407508114342,
      0.613707305901274,
      0.3121331419564799,
      -0.08976879067815702,
      0.0,
      0.0,
      -0.0506548663857275,
      0.0,
      -0.06364342854375227,
      0.0,
      0.04531809368541573,
      0.0,
      -0.04466686915178775,
      -0.0011129743233741496,
      0.0,
      0.0,
      0.0,
      -0.062322083460179034,
      -0.017258268933381282
    ],
    "self_consistency_aj_mean": 0.7619642488673274,
    "self_consistency_aj_n": 50,
    "self_consistency_aj_values": [
      1.0,
      1.0,
      1.0,
      0.6557674183258803,
      1.0,
      0.7694037832548734,
      1.0,
      1.0,
      0.713629853405736,
      0.7224792391006739,
      0.5371673549599639,
      1.0,
      0.5275377517515908,
      0.16568715513922752,
      0.7434207969497227,
      1.0,
      0.6633947390480913,
      0.39041648007165247,
      1.0,
      1.0,
      1.0,
      1.0,
      1.0,
      1.0,
      0.12941735809417393,
      1.0,
      1.0,
      0.4188147527112932,
      0.4778825558950089,
      1.0,
      1.0,
      0.6129166967163701,
      -0.1538461538461538,
      0.18999742101452324,
      0.20202379213357163,
      1.0,
      1.0,
      0.581807839202471,
      1.0,
      0.7538359951364014,
      1.0,
      0.4594363391507857,
      1.0,
      0.44118921819771023,
      0.47500936932166193,
      1.0,
      1.0,
      1.0,
      0.6208226876311383,
      1.0
    ],
    "self_consistency_n_degenerate": 0,
    "self_consistency_n_missing": 0
  },
  "CF_alt": {
    "mean_delta": -0.0022455004540184744,
    "n_instances": 50,