{
  "H_alt": {
    "mean_delta": 0.004950305250305253,
    "n_instances": 50,
    "deltas": [
      0.03714285714285709,
      0.0,
      0.09142857142857153,
      0.0,
      0.0,
      0.0,
      -0.06944444444444442,
      0.0,
      0.0,
      0.0,
      0.15000000000000002,
      0.0,
      0.0,
      -0.06071428571428572,
      0.0,
      0.046666666666666676,
      0.0,
      0.0,
      0.0,
      -0.05534188034188031,
      0.0,
      0.0,
      0.0,
      0.0,
      0.0,
      -0.04761904761904767,
      0.0,
      0.0,
      0.053333333333333344,
      0.0,
      0.0,
      0.0,
      0.0,
      0.0,
      0.0,
      0.0,
      0.0,
      0.06000000000000005,
      0.0,
      0.0,
      0.0,
      0.04999999999999999,
      0.0,
      0.0,
      0.0,
      0.0,
      0.02777777777777779,
      0.0,
      0.0,
      -0.035714285714285726
    ],
    "mean_delta_aj": 0.006086173002341071,
    "n_instances_aj": 50,
    "deltas_aj": [
      0.053896017384930474,
      0.0,
      0.09517154171242223,
      0.0,
      0.0,
      0.0,
      -0.13861924361264266,
      0.0,
      0.0,
      0.0,
      0.2362204724409448,
      0.0,
      0.0,
      -0.08201694560215105,
      0.0,
      0.06553497942386835,
      0.0,
      0.0,
      0.0,
      -0.08900599224239811,
      0.0,
      0.0,
      0.0,
      0.0,
      0.0,
      -0.09315354048596183,
      0.0,
      0.0,
      0.10687593423019448,
      0.0,
      0.0,
      0.0,
      0.0,
      0.0,
      0.0,
      0.0,
      0.0,
      0.094478527607362,
      0.0,
      0.0,
      0.0,
      0.0903225806451613,
      0.0,
      0.0,
      0.0,
      0.0,
      0.028898915043087503,
      0.0,
      0.0,
      -0.06429459642776396
    ],
    "self_consistency_aj_mean": 0.7281532763196226,
    "self_consistency_aj_n": 48,
    "self_consistency_aj_values": [
      0.08599141951128521,
      1.0,
      0.47242206235011985,
      1.0,
      1.0,
      0.35384615384615387,
      0.3391854165885233,
      1.0,
      1.0,
      1.0,
      0.21259842519685032,
      1.0,
      1.0,
      0.0376432078559739,
      0.647209399870824,
      0.042958129418162024,
      1.0,
      0.47242206235011985,
      0.5374282098705344,
      0.2779582945195215,
      1.0,
      1.0,
      1.0,
      1.0,
      1.0,
      0.532510540436949,
      1.0,
      1.0,
      0.5374282098705344,
      1.0,
      1.0,
      1.0,
      1.0,
      1.0,
      0.6123296834841391,
      1.0,
      0.3793540215326156,
      0.21259842519685032,
      1.0,
      1.0,
      -0.43442622950819665,
      1.0,
      1.0,
      1.0,
      0.5657401382045799,
      1.0,
      1.0,
      0.06615969274634219
    ],
    "self_consistency_n_degenerate": 2,
    "self_consistency_n_missing": 0
  },
  "R_alt": {
    "mean_delta": 0.0033649350649350663,
    "n_instances": 50,
    "deltas": [
      -0.040000000000000036,
      0.0,
      0.015714285714285736,
      0.0,
      -0.0766666666666666,
      0.0,
      -0.1464285714285714,
      0.0,
      0.0,
      0.11000000000000001,
      0.0,
      -0.03190476190476177,
      -0.07857142857142863,
      0.0,
      0.0035714285714285726,
      0.0,
      0.0,
      0.0,
      0.0,
      0.0,
      -0.009999999999999953,
      0.0,
      0.0,
      0.0,
      0.0,
      0.0,
      0.0,
      0.003333333333333355,
      -0.053333333333333316,
      0.0,
      0.0,
      -0.12666666666666668,
      -0.07071428571428573,
      0.0,
      0.0,
      -0.031666666666666676,
      0.0,
      0.0,
      0.0,
      0.29333333333333333,
      0.19428571428571426,
      0.0,
      0.0,
      0.0,
      0.0,
      0.0,
      -0.00040404040404040664,
      0.026428571428571412,
      0.07999999999999996,
      0.10793650793650789
    ],
    "mean_delta_aj": -0.001981603131316115,
    "n_instances_aj": 50,
    "deltas_aj": [
      -0.04080084669545662,
      0.0,
      0.08045966180338834,
      0.0,
      -0.023247932451428643,
      0.0,
      -0.20017019653260187,
      0.0,
      0.0,
      0.1745579059559973,
      0.0,
      -0.06677731829254122,
      -0.37788615523986124,
      0.0,
      -0.0923272283272284,
      0.05214995807881187,
      0.0,
      0.0,
      0.0,
      0.0,
      -0.39473684210526355,
      0.0,
      0.0,
      0.0,
      0.0,
      0.0,
      0.0,
      0.1576923560971735,
      0.285974090682611,
      0.0,
      0.0,
      -0.28187458745874583,
      -0.16160107693876818,
      0.0,
      0.0,
      -0.09473456230558278,
      0.0,
      0.0,
      0.0,
      0.3978269537480063,
      0.45569848521279144,
      0.0,
      0.0,
      0.0,
      0.0,
      0.0,
      -0.05707061469936266,
      0.06603172678691137,
      -0.010605415237261884,
      0.03236148135260604
    ],
    "self_consistency_aj_mean": 0.9574487749157741,
    "self_consistency_aj_n": 44,
    "self_consistency_aj_values": [
      1.0,
      1.0,
      1.0,
      1.0,
      1.0,
      1.0,
      1.0,
      1.0,
      1.0,
      1.0,
      -0.0332708528584817,
      1.0,
      1.0,
      1.0,
      1.0,
      1.0,
      1.0,
      1.0,
      1.0,
      1.0,
      1.0,
      1.0,
      1.0,
      1.0,
      1.0,
      1.0,
      1.0,
      1.0,
      1.0,
      1.0,
      1.0,
      1.0,
      1.0,
      1.0,
      0.16101694915254242,
      1.0,
      1.0,
      1.0,
      1.0,
      1.0,
      1.0,
      1.0,
      1.0,
      1.0
    ],
    "self_consistency_n_degenerate": 3,
    "self_consistency_n_missing": 3
  },
  "CF_alt": {
    "mean_delta": -0.017965390165390165,
    "n_instances": 50,
    "deltas": [
      0.0,
      -0.05571428571428566,
      0.0,
      0.0,
      -0.08047619047619042,
      0.0,
      0.05119047619047623,
      -0.05595238095238092,
      -0.02197802197802201,
      0.0,
      0.0,
      0.0,
      -0.08619047619047626,
      0.0,
      0.0,
      0.0,
      -0.1299999999999999,
      0.0,
      0.03571428571428567,
      0.0,
      0.0,
      0.0,
      -0.13333333333333341,
      0.0,
      0.0,
      0.0,
      0.0,
      0.0,
      0.0,
      -0.20380952380952372,
      0.0,
      0.0,
      -0.05595238095238103,
      0.0,
      0.0,
      0.0,
      0.0,
      0.0,
      0.0,
      0.0,
      -0.0623015873015873,
      0.0,
      0.0,
      0.0,
      0.0,
      0.0,
      0.008470418470418406,
      0.0,
      0.0,
      -0.10793650793650794
    ],
    "mean_delta_aj": -0.044971850661250236,
    "n_instances_aj": 50,
    "deltas_aj": [
      0.0,
      -0.1620060619684049,
      0.0,
      0.0,
      -0.07897221090019446,
      0.0,
      0.22055081839648352,
      -0.09231407257964516,
      -0.13486464840922208,
      0.0,
      0.0,
      0.0,
      -0.33854052064984885,
      0.0,
      0.0,
      0.0,
      -0.4816439246263813,
      0.0,
      0.07395381523581035,
      0.0,
      0.0,
      0.0,
      -0.21278195682789164,
      0.0,
      0.0,
      0.0,
      0.0,
      0.0,
      0.0,
      -0.6718992512122823,
      0.0,
      0.0,
      -0.17051496218811424,
      0.0,
      0.0,
      0.0,
      0.0,
      0.0,
      0.0,
      0.0,
      -0.007383921361718598,
      0.0,
      0.0,
      0.0,
      0.0,
      0.0,
      0.07800303811073483,
      0.0,
      0.0,
      -0.2701786740818372
    ],
    "self_consistency_aj_mean": 0.6790514142721654,
    "self_consistency_aj_n": 49,