{
  "H_alt": {
    "mean_delta": 0.004953881474213956,
    "n_instances": 50,
    "deltas": [
      0.033333333333333354,
      0.0,
      0.021818181818181764,
      0.0,
      0.0,
      0.0,
      -0.024444444444444435,
      0.0,
      -0.011695906432748593,
      0.0,
      0.0,
      0.0,
      0.0,
      0.0,
      0.0,
      0.0,
      0.06944444444444442,
      0.0,
      0.0,
      0.0,
      -0.013071895424836555,
      -0.02444444444444445,
      0.0,
      0.011695906432748565,
      0.0,
      -0.023636363636363622,
      0.0,
      0.0,
      0.07222222222222224,
      0.0625,
      0.0,
      0.0,
      0.0,
      0.0,
      0.0,
      0.0,
      -0.019780219780219765,
      0.0,
      0.0,
      0.0,
      0.065,
      0.0,
      0.0,
      0.0,
      0.0,
      -0.011462450592885365,
      0.0,
      0.026723646723646743,
      0.0,
      0.0134920634920635
    ],
    "mean_delta_aj": 0.0070754599744188825,
    "n_instances_aj": 50,
    "deltas_aj": [
      0.052103587277829544,
      0.0,
      0.07682811515024165,
      0.0,
      0.0,
      0.0,
      -0.04651357133306591,
      0.0,
      -0.02878715001364355,
      0.0,
      0.0,
      0.0,
      0.0,
      0.0,
      0.0,
      0.0,
      0.21703431372549017,
      0.0,
      0.0,
      0.0,
      -0.03302452185557553,
      -0.07084952803997777,
      0.0,
      0.019414856025491496,
      0.0,
      -0.050033524028456206,
      0.0,
      0.0,
      0.2353986043561006,
      0.0,
      0.0,
      0.0,
      0.0,
      0.0,
      0.0,
      0.0,
      -0.03812026276293101,
      0.0,
      0.0,
      0.0,
      0.08022628746817072,
      0.0,
      0.0,
      0.0,
      0.0,
      -0.054527163096536824,
      0.0,
      -0.027027442462744654,
      0.0,
      0.021650398310551332
    ],
    "self_consistency_aj_mean": 0.7302618181073056,
    "self_consistency_aj_n": 50,
    "self_consistency_aj_values": [
      0.6726305541617605,
      0.6835705979358252,
      0.7372308872649048,
      0.6835705979358252,
      1.0,
      1.0,
      0.6835705979358252,
      1.0,
      0.43745884077480035,
      0.3332897961745478,
      0.2866096400792112,
      1.0,
      0.722618688202364,
      1.0,
      0.6223916666220133,
      1.0,
      0.6917958656921387,
      1.0,
      1.0,
      0.3266122137824019,
      0.6656835806132808,
      0.18513197310222512,
      0.7109226580144952,
      0.7256568278372748,
      0.747608179230893,
      0.5374282098705344,
      1.0,
      0.6306415871428892,
      0.5222379768452814,
      0.5061822901070947,
      1.0,
      0.6835705979358252,
      0.7655621806605729,
      1.0,
      1.0,
      0.7153371011970592,
      0.6879551489918753,
      0.6123296834841391,
      0.647209399870824,
      1.0,
      0.1795479681852579,
      1.0,
      0.7550375280633991,
      1.0,
      1.0,
      0.5505584486700049,
      1.0,
      0.7445532652024459,
      0.6929101706163996,
      0.36567618316188893
    ],
    "self_consistency_n_degenerate": 0,
    "self_consistency_n_missing": 0
  },
  "R_alt": {
    "mean_delta": -0.0029289622142563356,
    "n_instances": 50,
    "deltas": [
      -0.05079365079365078,
      0.0,
      -0.07651515151515156,
      0.0,
      -0.020000000000000018,
      0.11696969696969683,
      0.0,
      0.020202020202020193,
      0.036029411764705865,
      0.0,
      0.0,
      0.0,
      0.0,
      0.0,
      0.0,
      0.0,
      0.031746031746031744,
      -0.020353535353535346,
      -0.034523809523809526,
      -0.01642857142857143,
      -0.0471428571428571,
      0.0,
      0.0,
      -0.11111111111111113,
      0.0,
      0.0,
      0.018150183150183186,
      0.0,
      0.0,
      0.0,
      0.0,
      0.0,
      0.0,
      -0.06833333333333333,
      0.0,
      0.0,
      0.0,
      0.09999999999999998,
      0.0,
      0.0,
      0.033333333333333354,
      0.004588744588744587,
      0.04487734487734482,
      0.0,
      0.0,
      0.0,
      0.0,
      0.0,
      0.0,
      -0.10714285714285712
    ],
    "mean_delta_aj": -0.01200938547190661,
    "n_instances_aj": 50,
    "deltas_aj": [
      -0.011610079432519071,
      0.0,
      -0.21193484970507287,
      0.0,
      0.1112745771682323,
      0.05823450864987251,
      0.0,
      0.020561686146711805,
      0.005289072839895881,
      0.0,
      0.0,
      0.0,
      0.0,
      0.0,
      0.0,
      0.0,
      -0.004940424083807737,
      -0.04695608374244439,
      0.059980837271313314,
      -0.3153293660806707,
      0.15762210406057164,
      0.0,
      0.0,
      -0.0673611382123472,
      0.0,
      0.0,
      0.07585897068293415,
      0.0,
      0.0,
      0.0,
      0.0,
      0.0,
      0.0,
      -0.3366177986656165,
      0.0,
      0.0,
      0.0,
      0.0,
      0.0,
      0.0,
      0.05035151886813115,
      0.05180593938142633,
      0.03690172252940155,
      0.0,
      0.0,
      0.0,
      0.0,
      0.0,
      0.0,
      -0.23360047127134265
    ],
    "self_consistency_aj_mean": 0.9103391478585361,
    "self_consistency_aj_n": 47,
    "self_consistency_aj_values": [
      1.0,
      1.0,
      1.0,
      1.0,
      1.0,
      1.0,
      1.0,
      1.0,
      1.0,
      1.0,
      1.0,
      1.0,
      1.0,
      1.0,
      0.270516717325228,
      1.0,
      0.4714747575230042,
      1.0,
      1.0,
      -0.13043478260869568,
      1.0,
      1.0,
      1.0,
      1.0,
      1.0,
      1.0,
      1.0,
      1.0,
      1.0,
      1.0,
      1.0,
      1.0,
      1.0,
      1.0,
      1.0,
      1.0,
      0.2584745762711864,
      1.0,
      0.4284758480451314,
      1.0,
      0.48743283279533905,
      1.0,
      1.0,
      1.0,
      1.0,
      1.0,
      1.0
    ],
    "self_consistency_n_degenerate": 0,
    "self_consistency_n_missing": 3
  },
  "CF_alt": {
    "mean_delta": -0.0022729620379371355,
    "n_instances": 50,
    "deltas": [
      0.10808823529411768,
      0.00090132090132089,
      0.0,
      0.0,
      0.07333333333333336,
      -0.1876262626262627,
      -0.04583333333333331,
      -0.060974025974025986,
      0.003807189542483602,
      -0.03316017316017311,
      -0.033333333333333326,
      -0.08329519450800915,
      0.0,
      0.029315713526239864,
      -0.016666666666666677,
      -0.08459595959595956,
      0.0,
      -0.0536701860231272,
      0.0,
      0.08993506493506492,
      -0.006196548549489644,
      -0.03538461538461539,
      0.011111111111111106,
      -0.023026315789473673,
      -0.10122449789632451,
      0.03818181818181815,
      -0.010303030303030314,
      -0.05682539682539683,
      -0.17571428571428568,
      0.0,
      0.025871584331673192,
      0.0,
      0.05333333333333329,
      0.0,
      0.0,
      -0.011048951048951053,
      -0.007745587745587701,
      0.02788461538461534,
      -0.049004524886877815,
      0.14574175824175822,
      0.19,
      0.04756258234519101,
      0.005405179615705913,
      0.06929834871011342,
      0.058333333333333334,
      -0.004770817417876216,
      0.02380952380952378,
      -0.018178314060666945,
      -0.016984126984127018,
      0.0
    ],
    "mean_delta_aj": -0.04567151144419224,
    "n_instances_aj": 50,