{
  "H_alt": {
    "mean_delta": -0.00361979424084687,
    "n_instances": 50,
    "deltas": [
      0.0,
      0.0,
      0.027272727272727282,
      0.0,
      0.0,
      -0.025454545454545396,
      -0.024444444444444463,
      0.0,
      0.03214285714285717,
      0.0895614035087719,
      0.0,
      0.0,
      0.0,
      0.0,
      0.0,
      -0.041958041958041925,
      0.0,
      0.0,
      0.0,
      0.0,
      0.0,
      0.0,
      -0.03611111111111115,
      -0.04999999999999999,
      -0.047619047619047616,
      0.0,
      0.0,
      0.003888888888888886,
      0.0,
      0.0,
      0.0,
      0.0,
      -0.07500000000000001,
      0.0,
      0.0,
      0.15000000000000013,
      0.0,
      0.0,
      -0.060000000000000026,
      -0.033333333333333354,
      -0.005555555555555564,
      0.03333333333333327,
      0.0,
      0.0,
      0.0,
      -0.15928571428571425,
      0.08666666666666667,
      -0.019696969696969685,
      -0.03611111111111115,
      0.01071428571428576
    ],
    "mean_delta_aj": -0.008996391289310277,
    "n_instances_aj": 50,
    "deltas_aj": [
      0.0,
      0.0,
      0.04264360985170783,
      0.0,
      0.0,
      -0.03556209038574373,
      -0.08100371520799071,
      0.0,
      0.08857160709822537,
      0.26200345664544933,
      0.0,
      0.0,
      0.0,
      -0.013326226514122658,
      0.0,
      -0.0869669246581789,
      0.0,
      0.0,
      0.0,
      0.0,
      0.0,
      0.0,
      -0.12237762237762242,
      -0.09032258064516133,
      -0.09591639368093863,
      0.0,
      0.0,
      -0.12831282554684265,
      0.0,
      0.0,
      0.0,
      0.0,
      -0.14819448748058825,
      0.0,
      0.0,
      0.37764932562620424,
      0.0,
      0.0,
      -0.06569227818377382,
      -0.11972174018936282,
      0.023213017293137607,
      0.09569377990430625,
      0.0,
      0.0,
      0.0,
      -0.28472580342562814,
      0.13020300898106546,
      -0.05763148912568136,
      -0.050804775101567945,
      -0.08923841734240662
    ],
    "self_consistency_aj_mean": 0.6145816431957406,
    "self_consistency_aj_n": 49,
    "self_consistency_aj_values": [
      1.0,
      1.0,
      0.6234089796949239,
      1.0,
      0.722618688202364,
      0.26340700735930295,
      1.0,
      0.4225859247135843,
      0.31034936050774586,
      1.0,
      1.0,
      0.48686124309124396,
      0.714672889008755,
      1.0,
      0.19764059347187404,
      1.0,
      1.0,
      1.0,
      0.07407407407407395,
      1.0,
      1.0,
      -0.024985473561882403,
      0.2827868852459017,
      0.6336661692668337,
      1.0,
      1.0,
      0.01689708141321063,
      1.0,
      1.0,
      1.0,
      1.0,
      0.5623194542629429,
      -0.15348399246704325,
      0.4429473684210527,
      0.3793540215326156,
      -0.08831887526174075,
      0.5683460830504754,
      0.33197825300064315,
      0.1857199827190855,
      0.6835705979358252,
      0.5533317908375751,
      0.6845276133763062,
      1.0,
      1.0,
      -0.11438806462239723,
      -0.15348399246704325,
      0.494020113214845,
      0.5997827254627182,
      0.4142940151074958
    ],
    "self_consistency_n_degenerate": 1,
    "self_consistency_n_missing": 0
  },
  "R_alt": {
    "mean_delta": -0.0006169552669552642,
    "n_instances": 50,
    "deltas": [
      0.0,
      0.0,
      -0.04629870129870134,
      0.0,
      -0.08809523809523809,
      -0.02222222222222217,
      0.043650793650793634,
      0.0,
      0.0,
      0.0,
      -0.002380952380952428,
      0.0,
      0.0,
      0.0,
      0.18333333333333335,
      0.06616161616161614,
      -5.551115123125783e-17,
      0.0,
      0.0,
      0.0,
      0.0,
      0.0,
      -0.050000000000000044,
      0.0,
      0.035714285714285754,
      0.0,
      0.0,
      0.07571428571428573,
      0.0,
      0.0,
      0.0,
      0.0,
      -0.08214285714285713,
      0.0,
      0.0,
      0.0,
      -0.04999999999999999,
      0.0,
      -0.044545454545454555,
      -0.015476190476190477,
      0.04722222222222225,
      0.0,
      0.0,
      -0.07440476190476186,
      0.06333333333333335,
      -0.0071428571428571175,
      0.07857142857142863,
      0.023636363636363622,
      0.0,
      -0.16547619047619044
    ],
    "mean_delta_aj": 0.0033976412594008396,
    "n_instances_aj": 49,
    "deltas_aj": [
      0.0,
      0.0,
      -0.23748521465182262,
      0.0,
      -0.15635065196516887,
      0.10726682597504884,
      0.06887523490820852,
      0.0,
      0.0,
      0.0,
      0.08322748776319797,
      0.0,
      0.0,
      0.0,
      0.0,
      0.10232185879164213,
      0.09920647154738904,
      0.0,
      0.0,
      0.0,
      0.0,
      0.0,
      -0.32749753705996626,
      0.0,
      0.0688843989420308,
      0.0,
      0.0,
      0.028171523988834005,
      0.0,
      0.0,
      0.0,
      0.0,
      -0.1712091404544177,
      0.0,
      0.0,
      0.0,
      0.21283227475888022,
      0.0,
      -0.02378398749324445,
      0.08506137741762865,
      0.006322491938988019,
      0.0,
      0.0,
      0.0,
      0.007132595546971099,
      0.2508298717251858,
      0.1397262137657019,
      0.0,
      -0.17704767373444585
    ],
    "self_consistency_aj_mean": 0.9498404395626204,
    "self_consistency_aj_n": 49,
    "self_consistency_aj_values": [
      1.0,
      1.0,
      1.0,
      1.0,
      1.0,
      1.0,
      1.0,
      1.0,
      1.0,
      1.0,
      1.0,
      1.0,
      1.0,
      1.0,
      1.0,
      1.0,
      1.0,
      1.0,
      1.0,
      1.0,
      1.0,
      1.0,
      1.0,
      1.0,
      0.7447614445381353,
      1.0,
      1.0,
      -0.5104895104895107,
      1.0,
      1.0,
      1.0,
      1.0,
      1.0,
      1.0,
      1.0,
      1.0,
      1.0,
      1.0,
      1.0,
      1.0,
      1.0,
      1.0,
      1.0,
      1.0,
      1.0,
      1.0,
      0.307909604519774,
      1.0,
      1.0
    ],
    "self_consistency_n_degenerate": 0,
    "self_consistency_n_missing": 1
  },
  "CF_alt": {
    "mean_delta": -0.007943778443778441,
    "n_instances": 50,
    "deltas": [
      0.0,
      0.10190476190476194,
      0.1673809523809524,
      0.0,
      0.0036507936507936822,
      0.0019047619047619646,
      0.1916666666666666,
      -0.046666666666666634,
      0.0,
      0.11443001443001438,
      0.0,
      -0.12547619047619052,
      0.0,
      -0.0015151515151514694,
      -0.2680952380952381,
      0.0,
      0.0,
      0.0,
      0.0,
      0.03714285714285703,
      0.04142857142857148,
      0.25999999999999995,
      0.0,
      0.0,
      -0.13923076923076927,
      0.01666666666666672,
      -0.18142857142857138,
      0.125,
      0.0,
      0.0,
      -0.43666666666666665,
      -0.015000000000000013,
      -0.02380952380952378,
      0.0,
      0.07999999999999996,
      -0.21999999999999992,
      -0.13142857142857142,
      0.0,
      0.16444444444444445,
      0.0,
      0.0,
      0.021666666666666612,
      0.0,
      -0.21999999999999997,
      0.0,
      0.0,
      0.0718253968253969,
      0.0,
      0.01301587301587298,
      0.0
    ],
    "mean_delta_aj": 0.01632875420370448,
    "n_instances_aj": 50,