{
  "cad_imdb_prompt": {
    "H_alt": {
      "mean_delta": -0.0025079120602852605,
      "n_instances": 50,
      "deltas": [
        -0.007661290322580616,
        0.01033562166285279,
        -0.005496453900709214,
        -0.003340040241448683,
        0.029090909090909056,
        0.003565166569257733,
        0.0,
        -0.0034482758620689585,
        0.02124622926093514,
        0.0,
        0.0,
        0.0,
        -0.0010115350488021368,
        0.008695652173913035,
        0.0,
        0.0,
        0.0,
        0.0,
        0.0004695827980073508,
        0.0,
        0.0,
        -0.05587412587412589,
        0.0033794162826421004,
        0.0,
        -0.005256410256410229,
        0.007640862749221877,
        0.0,
        0.005641025641025643,
        0.00797129749335633,
        -0.02367305236270753,
        -0.011987704918032804,
        0.0,
        0.0,
        0.0,
        0.0,
        -0.03595038015206081,
        0.0001806239737274229,
        -0.00025360623204288835,
        -0.007664884135472366,
        0.0,
        -0.06223776223776223,
        0.007102272727272735,
        0.0,
        -0.00886243386243385,
        0.004223227752639516,
        -0.025454545454545396,
        0.0050531914893617025,
        0.0,
        0.01818181818181816,
        0.0
      ],
      "mean_delta_aj": -0.006860984524054869,
      "n_instances_aj": 50,
      "deltas_aj": [
        -0.012245581074524711,
        -0.09646650889961864,
        -0.009599429494034029,
        -0.01118385356424867,
        0.05206849108370004,
        0.0,
        0.0,
        0.0,
        0.08548156259798628,
        0.0,
        0.0,
        0.0,
        -0.0317652760219182,
        0.0,
        0.0,
        0.0,
        -0.0016927273244771168,
        0.0,
        0.0888655268917592,
        0.0,
        0.0,
        0.04456838482098144,
        0.0,
        0.0,
        0.0,
        0.03983679842766047,
        0.0,
        0.025318052676984504,
        0.046499029834352806,
        -0.09462110164632448,
        -0.04433447357273679,
        0.0,
        0.0,
        0.0,
        0.0,
        -0.14991886484629385,
        -0.01477599589289976,
        -0.032262764660253185,
        -0.009539863537923299,
        0.0,
        -0.14974191994011166,
        0.020649441766897925,
        0.0,
        -0.02994312959383061,
        0.0,
        -0.0699965680216712,
        0.011751543787800106,
        0.0,
        0.0,
        0.0
      ],
      "self_consistency_aj_mean": 0.6002304175744616,
      "self_consistency_aj_n": 43,
      "self_consistency_aj_values": [
        0.7557116976949549,
        0.5564523490851504,
        0.5282036826328383,
        0.5510824342564473,
        0.42140787580379385,
        0.6234759192796255,
        0.7050454279812682,
        0.47569630185585293,
        0.7500673039310501,
        0.4705130114869736,
        0.5932437760166921,
        0.7865419999060808,
        0.5992224557835173,
        0.47197501993230534,
        0.5138783119887851,
        0.7192864624316632,
        0.6121587009992615,
        0.7959405910725105,
        0.4589817066045485,
        0.5182100821861337,
        0.7732399091988827,
        0.7378688922911967,
        0.6193100858339765,
        0.4920419679725248,
        0.5742882187457132,
        0.5613039137257315,
        0.6369285070500605,
        0.5620282027245393,
        0.5803435488079752,
        0.6676958136458313,
        0.6035193546101969,
        0.5860836553234219,
        0.6849301303748411,
        0.6042237076884677,
        0.34565740337612555,
        0.6086379766682326,
        0.6344842010843803,
        0.6986839242048178,
        0.429007817747571,
        0.6449140668451164,
        0.5485390418399476,
        0.5672083469387207,
        0.7418741580741233
      ],
      "self_consistency_n_degenerate": 1,
      "self_consistency_n_missing": 6
    },
    "R_alt": {
      "mean_delta": -0.0007001498687411755,
      "n_instances": 50,
      "deltas": [
        0.0,
        0.0,
        0.04603494623655913,
        0.003703703703703709,
        0.0,
        0.0,
        0.0,
        0.0,
        -0.1,
        0.0,
        0.0,
        -0.0008547008547008517,
        0.0,
        0.0,
        -0.040325576063280966,
        0.0,
        0.0,
        0.0,
        -0.0076138763197586695,
        0.0,
        0.09480534242682576,
        0.0033137408568442994,
        0.008777526943910652,
        -0.0390151515151515,
        -0.010391363022941955,
        0.002205689047794321,
        0.05390029325513196,
        0.0,
        0.0,
        0.0,
        0.0006173971514151222,
        0.0,
        0.0,
        0.0,
        0.0,
        -0.06086691086691087,
        0.020753246753246746,
        0.0,
        -0.012946859903381652,
        0.03,
        0.0,
        0.0005627705627705565,
        0.0,
        -0.04154474982381959,
        0.015610859728506787,
        0.0,
        0.0,
        0.0,
        0.0,
        -0.0017338217338217499
      ],
      "mean_delta_aj": -0.006133107893405767,
      "n_instances_aj": 50,
      "deltas_aj": [
        0.0,
        0.0,
        0.07465489035866357,
        -0.16515808582778002,
        0.0,
        0.0,
        0.0,
        0.0,
        -0.1835331741400937,
        0.0,
        0.0,
        0.007415264351510839,
        0.0,
        0.0,
        -0.062588201307521,
        0.0,
        0.0,
        0.0,
        -0.005719984746707346,
        0.0,
        0.24973995241164615,
        0.04443288766271655,
        0.0,
        -0.06338909922314101,
        -0.00301620401315858,
        -0.0029955715574990494,
        0.07598407821452374,
        0.0,
        0.0,
        0.010773150446847235,
        -0.10128541175378133,
        0.0,
        0.0,
        0.0,
        0.0,
        -0.1220770497078773,
        0.06664931697874096,
        0.0,
        -0.030829367272289854,
        0.08332295205968582,
        0.0,
        0.01777435219351775,
        0.0,
        -0.21445262494444445,
        0.03158013619989577,
        0.0,
        0.0,
        0.0,
        0.0,
        -0.013937601053743143
      ],
      "self_consistency_aj_mean": 0.9018584328000956,
      "self_consistency_aj_n": 50,
      "self_consistency_aj_values": [
        1.0,
        1.0,
        1.0,
        1.0,
        1.0,
        1.0,
        1.0,
        1.0,
        1.0,
        1.0,
        1.0,
        0.5103421384332183,
        1.0,
        1.0,
        1.0,
        1.0,
        1.0,
        1.0,
        1.0,
        1.0,
        0.38346899491924075,
        1.0,
        0.5933848596206847,
        1.0,
        1.0,
        1.0,
        0.7287685496416337,
        1.0,
        1.0,
        1.0,
        1.0,
        1.0,
        1.0,
        1.0,
        1.0,
        0.7594641606478024,
        0.5313043259177143,
        1.0,
        0.47770808077873256,
        1.0,
        1.0,
        0.36563011456628475,
        1.0,
        0.35827501029230135,
        0.71865254251582,
        1.0,
        1.0,
        1.0,
        1.0,
        0.6659228626713454
      ],
      "self_consistency_n_degenerate": 0,
      "self_consistency_n_missing": 0
    },
    "CF_alt": {
      "mean_delta": -0.0008093061882961776,
      "n_instances": 50,