{
  "H_alt": {
    "mean_delta": -0.008051088102738193,
    "n_instances": 50,
    "deltas": [
      -0.01071809256661993,
      -0.017271288767710197,
      -0.012112794612794603,
      0.0030636030636030376,
      0.0,
      0.000323756498200517,
      -0.015854771027184855,
      -0.0095154974447468,
      0.0,
      -0.0073891625615763595,
      -0.005668016194331993,
      -0.008045977011494232,
      -0.020502975780476135,
      -0.006461253244345544,
      0.0,
      0.0,
      -0.008930375180375164,
      -0.00536585365853659,
      -0.006477732793522234,
      -0.023076923076922995,
      -0.005141843971631199,
      0.0,
      -0.030603843090402233,
      -0.007661290322580616,
      -0.006109382728781476,
      0.007546340598972176,
      -0.007956989247311835,
      -0.021203007518797,
      -0.02605107303849788,
      0.00896551724137934,
      -0.004524886877828038,
      0.008735632183908049,
      0.0,
      0.0,
      -0.009846153846153866,
      -0.02148608603575808,
      -0.007671957671957677,
      0.0,
      -0.01872829131652659,
      0.0,
      0.009401709401709424,
      -0.009760923640559444,
      -0.04755244755244756,
      -0.005252525252525231,
      -0.031581313801141375,
      -0.025454545454545396,
      -0.010616461662901283,
      0.014002772826302232,
      0.0,
      0.0
    ],
    "mean_delta_aj": -0.028846691413527744,
    "n_instances_aj": 50,
    "deltas_aj": [
      -0.0975284735143252,
      -0.09417731499238063,
      -0.0935609229681521,
      0.009955650989811743,
      0.0,
      0.0010637732960776525,
      -0.05016761564415284,
      -0.012780744579238437,
      0.0,
      0.0,
      0.0,
      -0.029768205759718516,
      -0.07692426751100506,
      -0.036648196776289145,
      0.0,
      0.0,
      -0.0260974307249304,
      -0.026732351911743862,
      -0.005592272935700859,
      -0.05145759060216282,
      -0.028376184275634264,
      0.0,
      -0.07468249349744618,
      -0.013776409526055633,
      -0.04451579051407334,
      0.024978408247681702,
      -0.03504130162498159,
      -0.07199325845978277,
      -0.11056878510451215,
      0.018555408429216436,
      -0.01219957788925452,
      0.03677579341314008,
      0.0,
      0.0,
      -0.047194328750857384,
      -0.02983102165171264,
      -0.06342516662636684,
      0.0,
      -0.035770120240544934,
      0.004387963343483348,
      0.011435344598822006,
      -0.03803677967060759,
      -0.09753521088388256,
      -0.03398165607501147,
      -0.15147323287959427,
      -0.0699965680216712,
      -0.008890806821403252,
      0.019237167438572324,
      0.0,
      0.0
    ],
    "self_consistency_aj_mean": 0.5545280691984182,
    "self_consistency_aj_n": 49,
    "self_consistency_aj_values": [
      0.5490062111291475,
      0.34138722439930735,
      0.7592169895033675,
      0.8077319082829748,
      1.0,
      0.3710624186352668,
      0.1604530632586249,
      0.40781321447976604,
      1.0,
      0.7296275393037386,
      0.40756694265137844,
      0.707869247716951,
      0.4509902332028576,
      0.14273271719320593,
      1.0,
      1.0,
      0.44444838581930507,
      0.3917873352686035,
      0.460255780306874,
      0.33680692098565923,
      0.814508013692988,
      0.197745543547491,
      0.09362264625317816,
      0.3386164018300744,
      0.3821195318292493,
      0.6933331246995922,
      0.43516635820883054,
      0.3549821496147171,
      0.48856315575561743,
      0.4545246766424276,
      0.8677181382275415,
      0.6390050640638626,
      0.9311445790338456,
      0.399708566586018,
      0.48246661549775444,
      0.0677346986780308,
      1.0,
      0.4350471303273009,
      0.857906310722827,
      0.5374142595961358,
      0.39431438185305745,
      0.454888610359324,
      0.8053231070992894,
      0.4196875577277973,
      0.7750636857793463,
      0.3653783322338252,
      0.6267922745876899,
      0.5672083469387207,
      0.8231359971989363
    ],
    "self_consistency_n_degenerate": 1,
    "self_consistency_n_missing": 0
  },
  "R_alt": {
    "mean_delta": 0.020059276247851934,
    "n_instances": 50,
    "deltas": [
      0.0,
      0.0024230536816349513,
      0.004483791402396076,
      -0.09356902356902358,
      -0.028917748917748953,
      0.0,
      0.026329966329966314,
      -0.006666666666666675,
      0.039166666666666655,
      0.03263568868407578,
      0.10290036489578823,
      0.0,
      0.0316725517186347,
      0.08273015873015875,
      0.04754901960784316,
      0.0017399267399267337,
      0.11985624438454624,
      0.016349206349206336,
      -0.037629629629629624,
      -0.013003663003662957,
      0.0213716978999669,
      0.12722615145765048,
      0.0,
      0.06782212885154065,
      0.06376863829367041,
      0.0799894122794501,
      -0.07376344086021505,
      -0.002004984179906799,
      -0.030609478241057225,
      -0.010144927536231862,
      0.0,
      0.04874384874384874,
      0.0841666666666667,
      0.11676913791695426,
      0.001866288301070912,
      -0.0020530789147810424,
      0.07264772264772265,
      -0.007635467980295574,
      0.0,
      0.02239498644986454,
      0.0,
      -0.07101243715865921,
      -0.040404040404040414,
      0.04305477828904647,
      -0.0428205128205128,
      0.0,
      0.06261488761488762,
      0.06735632183908044,
      0.06504329004329001,
      0.01052631578947369
    ],
    "mean_delta_aj": 0.06037879669419339,
    "n_instances_aj": 50,
    "deltas_aj": [
      0.0,
      0.004997993522812771,
      0.0079884502618226,
      -0.2567678592666877,
      -0.11603295714644357,
      0.0,
      0.04191815433599397,
      0.11652839048878148,
      0.09683732236285625,
      0.06696926470324652,
      0.3355711040433626,
      0.0,
      0.08481180874451688,
      0.2060470644081494,
      0.17459279554219562,
      -0.015799696328567397,
      0.30875693033405316,
      0.10870478688048069,
      -0.07258801508284068,
      -0.017502443328970885,
      0.09849327356219773,
      0.34617097820912013,
      0.0,
      0.13714633297680234,
      0.127445905474244,
      0.27988423250958977,
      -0.1808905129607779,
      0.0391505932136538,
      -0.10081699478641146,
      -0.019214821876313848,
      0.0,
      0.13760156138257984,
      0.3125375459423705,
      0.3121331419564799,
      -0.15333990681795495,
      0.04923294472961315,
      0.18282080111055424,
      -0.03693893108718088,
      0.0,
      0.04443059246728576,
      0.0,
      -0.2047267145476412,
      -0.03041507837167834,
      0.12354771701723155,
      -0.10544047967678527,
      0.0,
      0.32030462620416467,
      0.16603818277362314,
      0.0990834703131242,
      -0.00033171948298353626
    ],
    "self_consistency_aj_mean": 0.7522378313388954,
    "self_consistency_aj_n": 50,
    "self_consistency_aj_values": [
      1.0,
      1.0,
      0.7270866150269881,
      1.0,
      1.0,
      1.0,
      1.0,
      1.0,
      0.7535815767276924,
      1.0,
      0.4343588526371385,
      1.0,
      0.6677824042443301,
      0.18639941079447406,
      1.0,
      1.0,
      0.5699277547887532,
      0.5467246186987273,
      0.7062107954380371,
      1.0,
      1.0,
      0.4185346915928752,
      1.0,
      0.6936043606799925,
      0.5320236085282101,
      0.6109924737708688,
      0.6385901451947935,
      0.3919403138620941,
      0.7233971218273867,
      0.710726043368534,
      1.0,
      0.6129166967163701,
      0.26739926739926745,
      0.18999742101452324,
      0.20202379213357163,
      1.0,
      1.0,
      0.3521171066436198,
      1.0,
      1.0,
      1.0,
      0.6243505827020243,
      1.0,
      1.0,
      0.37473263817572205,
      1.0,
      0.6377529038778693,
      0.3731452647004946,
      0.6655751064004103,
      1.0
    ],
    "self_consistency_n_degenerate": 0,
    "self_consistency_n_missing": 0
  },
  "CF_alt": {
    "mean_delta": -0.004345688204949594,
    "n_instances": 50,