{
  "H_alt": {
    "mean_delta": 0.0014305143978828188,
    "n_instances": 50,
    "deltas": [
      0.05141414141414141,
      0.025454545454545424,
      0.0,
      0.0,
      0.0,
      0.0,
      0.035714285714285726,
      0.028571428571428567,
      0.0,
      0.0,
      0.0,
      0.0,
      0.0,
      0.0,
      0.0,
      0.0,
      0.0,
      0.0,
      -0.033333333333333326,
      0.0,
      0.0,
      0.0,
      -0.022222222222222206,
      0.0,
      -0.03157894736842104,
      0.022727272727272735,
      -0.03888888888888892,
      0.0,
      0.0,
      0.0625,
      0.0,
      0.0,
      0.0,
      0.0,
      0.0,
      0.0,
      -0.023076923076923106,
      0.0,
      0.0,
      0.0,
      0.0,
      0.0,
      0.030960735171261494,
      0.0,
      0.0,
      0.013450292397660824,
      0.0,
      0.026222222222222202,
      -0.07638888888888884,
      0.0
    ],
    "mean_delta_aj": -0.004044899822811055,
    "n_instances_aj": 50,
    "deltas_aj": [
      0.10273773160423992,
      0.025862825009939194,
      0.0,
      0.0,
      0.0,
      0.0,
      0.09301470588235294,
      0.02615563182170176,
      0.0,
      0.0,
      0.0,
      0.0,
      0.0,
      0.0,
      0.0,
      0.0,
      0.0,
      0.0,
      -0.03524021204656172,
      0.0,
      0.0,
      0.006091480058582788,
      -0.10697674418604652,
      0.0,
      -0.07826604937456416,
      0.1072570903846865,
      -0.058275802572748614,
      0.0,
      0.0,
      0.0,
      0.0,
      0.0,
      0.0,
      0.0,
      0.0,
      0.0,
      -0.044473639890086125,
      0.0,
      0.0,
      0.0,
      0.0,
      0.0,
      0.04050682519236147,
      0.0,
      0.0,
      0.024464611097574918,
      0.0,
      0.016823466177018326,
      -0.32192691029900344,
      0.0
    ],
    "self_consistency_aj_mean": 0.7509262692301403,
    "self_consistency_aj_n": 50,
    "self_consistency_aj_values": [
      0.6726305541617605,
      0.6835705979358252,
      1.0,
      1.0,
      0.5756933510960397,
      1.0,
      0.43745884077480035,
      0.5497432380148429,
      1.0,
      0.7283773243674084,
      1.0,
      1.0,
      1.0,
      0.6835705979358252,
      0.6223916666220133,
      0.41800987406535217,
      1.0,
      1.0,
      0.6306415871428892,
      0.7256568278372748,
      0.6656835806132808,
      0.19248270101350057,
      0.47966078442609106,
      0.7256568278372748,
      0.747608179230893,
      0.5374282098705344,
      0.6306415871428892,
      1.0,
      0.5222379768452814,
      0.5061822901070947,
      1.0,
      0.6835705979358252,
      0.7655621806605729,
      1.0,
      1.0,
      1.0,
      0.6879551489918753,
      1.0,
      0.647209399870824,
      0.6879551489918753,
      1.0,
      1.0,
      0.7550375280633991,
      0.5061822901070947,
      0.647209399870824,
      0.5505584486700049,
      0.6879551489918753,
      0.7445532652024459,
      0.44723830710951923,
      1.0
    ],
    "self_consistency_n_degenerate": 0,
    "self_consistency_n_missing": 0
  },
  "R_alt": {
    "mean_delta": 0.015128415787858512,
    "n_instances": 50,
    "deltas": [
      0.08055555555555555,
      0.0,
      -0.025000000000000022,
      0.014468864468864473,
      -0.08523809523809522,
      0.10650793650793644,
      0.0,
      0.006666666666666668,
      0.08245798319327724,
      0.0,
      0.11666666666666667,
      0.0,
      0.0,
      0.0,
      0.0,
      0.0,
      0.031746031746031744,
      0.0,
      0.0,
      -0.01642857142857143,
      0.046666666666666634,
      -0.036075036075036065,
      0.0,
      0.12698412698412698,
      0.0,
      0.0,
      0.0,
      0.0,
      0.1071428571428572,
      0.06666666666666665,
      0.0,
      0.0,
      0.0,
      0.010000000000000009,
      -0.19,
      0.0,
      0.0,
      0.15750000000000003,
      -0.04249999999999998,
      0.0838095238095238,
      -0.03667443667443665,
      0.0,
      0.08537112010796222,
      0.029292929292929315,
      0.0,
      0.03583333333333333,
      0.0,
      0.0,
      0.0,
      0.0
    ],
    "mean_delta_aj": -0.030925209889136607,
    "n_instances_aj": 50,
    "deltas_aj": [
      0.10883549910123498,
      0.0,
      -0.10114107883817428,
      0.13289855546383794,
      -0.26153912617207625,
      0.05101078636605888,
      0.0,
      0.033403869195821466,
      0.0591386373805399,
      0.0,
      0.40191387559808617,
      0.0,
      0.0,
      0.0,
      -0.005581932427895134,
      0.0,
      -0.004940424083807737,
      0.0,
      0.0,
      -0.289198033579011,
      -0.04868776351903703,
      -0.2388615442003864,
      0.0,
      0.15912156572574315,
      0.0,
      0.0,
      0.0,
      0.07111516459469067,
      0.15579662865831045,
      -0.9852029157482263,
      0.0,
      0.0,
      0.005190594019518713,
      -0.09900853454264291,
      -0.40828541467990415,
      0.0,
      0.0,
      -0.20062291156677842,
      -0.0725395323680096,
      -0.06864186851365775,
      -0.14843326081024952,
      0.0,
      0.10790274247131736,
      0.21868596033060056,
      0.0,
      -0.11859003231273418,
      0.0,
      0.0,
      0.0,
      0.0
    ],
    "self_consistency_aj_mean": 0.8116480638608313,
    "self_consistency_aj_n": 48,
    "self_consistency_aj_values": [
      1.0,
      1.0,
      0.45751809166443314,
      1.0,
      1.0,
      1.0,
      0.4505040489175343,
      1.0,
      1.0,
      1.0,
      -0.09422492401215805,
      1.0,
      0.6208226876311383,
      1.0,
      0.26739926739926745,
      1.0,
      0.4714747575230042,
      1.0,
      1.0,
      -0.13043478260869568,
      1.0,
      1.0,
      1.0,
      0.4795064950471558,
      1.0,
      1.0,
      1.0,
      0.5547254523413999,
      1.0,
      1.0,
      1.0,
      0.5637158039755953,
      0.2584745762711864,
      -0.14285714285714288,
      1.0,
      1.0,
      1.0,
      1.0,
      1.0,
      0.6425100556253988,
      1.0,
      0.5599726784017857,
      1.0,
      1.0,
      1.0,
      1.0,
      1.0,
      1.0
    ],
    "self_consistency_n_degenerate": 0,
    "self_consistency_n_missing": 2
  },
  "CF_alt": {
    "mean_delta": -0.002242387825502651,
    "n_instances": 50,
    "deltas": [
      -0.008749257278669043,
      -0.018831168831168837,
      0.0,
      0.0,
      0.0766666666666666,
      -0.13538961038961045,
      -0.02850877192982454,
      0.0,
      0.003807189542483602,
      -0.05111111111111111,
      0.0,
      -0.02025362872421696,
      -0.17988095238095242,
      0.03905597326649958,
      0.01501831501831502,
      -0.07182539682539682,
      0.0,
      -0.01649846541487404,
      0.07967032967032966,
      0.02621225523702303,
      -0.024377289377289446,
      -0.05442124542124541,
      0.059682539682539684,
      -0.002139601139601127,
      -0.08998230871295884,
      0.03800865800865802,
      0.07821511821511817,
      -0.02112554112554113,
      0.0,
      -0.060000000000000005,
      -0.015796284188732634,
      0.20023809523809522,
      0.041944444444444395,
      0.0,
      -0.03179487179487184,
      0.10714285714285715,
      0.02040404040404037,
      0.0,
      -0.0242857142857143,
      0.10214752567693744,
      0.10358974358974357,
      -0.013652721547458418,
      -0.009385567992379135,
      -0.05039872408293458,
      -0.022453102453102447,
      0.02828689370485038,
      -0.02432126696832579,
      -0.02602130325814539,
      -0.1393394648829431,
      0.00833333333333336
    ],
    "mean_delta_aj": -0.0008080014650196617,
    "n_instances_aj": 49,