{
  "H_alt": {
    "mean_delta": -0.01484541847041847,
    "n_instances": 50,
    "deltas": [
      0.0533333333333334,
      0.0,
      0.0,
      0.0,
      0.0,
      -0.022222222222222254,
      -0.05111111111111112,
      0.0,
      -0.05000000000000002,
      0.0,
      -0.06904761904761908,
      0.024444444444444435,
      0.0,
      0.0,
      0.0,
      0.0,
      0.0,
      0.0,
      0.0,
      0.0,
      0.0,
      0.0,
      -0.02857142857142858,
      0.0,
      -0.04375000000000001,
      0.0,
      0.0,
      0.03333333333333327,
      0.0,
      0.0,
      0.0,
      -0.033333333333333354,
      -0.03055555555555553,
      0.0,
      -0.03928571428571431,
      0.0,
      0.0,
      -0.07252525252525249,
      -0.1428571428571429,
      -0.05277777777777777,
      0.0,
      0.0,
      -0.07434343434343432,
      0.0,
      0.0,
      -0.14317460317460312,
      0.0,
      -0.023636363636363622,
      0.0,
      0.02380952380952378
    ],
    "mean_delta_aj": -0.05866663332941204,
    "n_instances_aj": 50,
    "deltas_aj": [
      0.02265928345941181,
      0.0,
      0.0,
      0.0,
      0.0,
      -0.10332220632649816,
      -0.1452538883130937,
      0.0,
      -0.9,
      0.0,
      -0.07986447241045498,
      0.030666619195119926,
      0.0,
      0.0,
      0.0,
      0.0,
      0.0,
      0.0,
      0.0,
      0.0,
      0.0,
      0.0,
      -0.24456521739130438,
      0.0,
      -0.07731400380968934,
      0.0,
      0.0,
      0.08144857296715131,
      0.0,
      0.0,
      0.0,
      0.0,
      -0.046004913430042114,
      0.0,
      -0.07380506091846296,
      0.0,
      0.0,
      -0.23068400386452875,
      -0.26162811764488103,
      -0.3337986575362879,
      0.0,
      0.0,
      -0.15924336383043042,
      0.0,
      0.0,
      -0.2788277192962084,
      0.0,
      -0.06915778695081753,
      0.0,
      -0.06463673036958556
    ],
    "self_consistency_aj_mean": 0.55041742927348,
    "self_consistency_aj_n": 49,
    "self_consistency_aj_values": [
      0.07407407407407395,
      1.0,
      1.0,
      0.162074248334036,
      0.722618688202364,
      0.26340700735930295,
      1.0,
      0.0376432078559739,
      0.7931048081523238,
      0.18189344576466077,
      0.6375292475210794,
      1.0,
      1.0,
      -0.28104575163398704,
      0.027443143602271493,
      1.0,
      1.0,
      0.6841591619548595,
      1.0,
      1.0,
      0.07407407407407395,
      -0.024985473561882403,
      1.0,
      0.35891579621695907,
      1.0,
      0.5997827254627182,
      0.44700460829493094,
      0.5163027221058929,
      1.0,
      1.0,
      -0.02125460671980006,
      0.5623194542629429,
      -0.15348399246704325,
      0.4429473684210527,
      1.0,
      0.5163027221058929,
      -0.0791347923738117,
      0.04568321857234737,
      0.1857199827190855,
      1.0,
      1.0,
      0.43214970407735115,
      1.0,
      1.0,
      -0.11438806462239723,
      1.0,
      0.14372634544050703,
      0.32157694609724324,
      0.4142940151074958
    ],
    "self_consistency_n_degenerate": 1,
    "self_consistency_n_missing": 0
  },
  "R_alt": {
    "mean_delta": -0.011511166611166614,
    "n_instances": 50,
    "deltas": [
      0.0,
      0.0,
      -0.04629870129870134,
      0.0,
      -0.08478632478632481,
      0.01595959595959595,
      0.0,
      0.0,
      0.0,
      0.0,
      0.011904761904761862,
      0.0,
      0.0,
      0.005714285714285727,
      0.0,
      0.06616161616161614,
      0.0,
      0.0,
      0.0008658008658008476,
      0.0,
      0.0,
      0.0,
      0.0,
      0.0,
      -0.019696969696969713,
      0.0,
      0.0,
      -0.06666666666666668,
      0.0,
      0.0,
      0.0,
      0.0,
      0.07500000000000001,
      0.0,
      -0.05714285714285716,
      -0.30000000000000004,
      0.0,
      -0.01222222222222219,
      -0.03555555555555556,
      0.053571428571428575,
      0.06722222222222221,
      0.04722222222222222,
      -0.005555555555555536,
      0.0,
      0.0,
      0.0,
      0.0,
      -0.04363636363636364,
      0.0,
      -0.24761904761904763
    ],
    "mean_delta_aj": -0.034921990576611,
    "n_instances_aj": 50,
    "deltas_aj": [
      0.0,
      0.0,
      -0.23748521465182262,
      0.0,
      -0.18403489433639117,
      -0.13056057390516507,
      0.0,
      0.0,
      0.0,
      0.0,
      -0.44308016638882863,
      0.0,
      0.0,
      0.04334861482143586,
      0.0,
      0.10232185879164213,
      0.0,
      0.0,
      0.027114601037898256,
      0.0,
      0.0,
      0.0,
      0.0,
      0.0,
      -0.021800415750797608,
      0.0,
      0.0,
      0.0014627750079014073,
      0.0,
      0.0,
      0.0,
      0.0,
      0.10956916863147907,
      0.0,
      -0.08018493978727487,
      -0.4381283735706858,
      0.0,
      -0.13733381243262666,
      -0.044220723089618,
      -0.00872142439606129,
      0.059463871270735644,
      0.11427055319113053,
      0.011163455357333346,
      0.0,
      0.0,
      0.0,
      0.0,
      -0.20002992086566823,
      0.0,
      -0.28923396776516624
    ],
    "self_consistency_aj_mean": 0.9239995653174371,
    "self_consistency_aj_n": 49,
    "self_consistency_aj_values": [
      1.0,
      1.0,
      1.0,
      1.0,
      0.10316377763860432,
      1.0,
      1.0,
      1.0,
      1.0,
      1.0,
      1.0,
      1.0,
      1.0,
      1.0,
      1.0,
      1.0,
      1.0,
      1.0,
      1.0,
      1.0,
      1.0,
      1.0,
      1.0,
      1.0,
      1.0,
      1.0,
      1.0,
      -0.3002257336343116,
      1.0,
      1.0,
      1.0,
      1.0,
      1.0,
      1.0,
      1.0,
      0.22834645669291334,
      1.0,
      1.0,
      1.0,
      1.0,
      1.0,
      1.0,
      1.0,
      1.0,
      1.0,
      1.0,
      1.0,
      0.24469419985721394,
      1.0
    ],
    "self_consistency_n_degenerate": 1,
    "self_consistency_n_missing": 0
  },
  "CF_alt": {
    "mean_delta": 0.019161157143510077,
    "n_instances": 50,
    "deltas": [
      0.040000000000000036,
      0.10190476190476194,
      0.1673809523809524,
      0.0,
      0.016486291486291493,
      0.166984126984127,
      0.0,
      -0.046666666666666634,
      -0.05666666666666667,
      0.040653594771241836,
      0.1522222222222221,
      0.0942857142857142,
      0.0,
      0.0,
      -0.2680952380952381,
      0.0,
      0.0,
      0.0,
      0.08095238095238094,
      0.19666666666666666,
      -0.027142857142857135,
      0.051666666666666694,
      0.1797619047619048,
      0.0,
      -0.12429570429570427,
      0.0,
      -0.016666666666666607,
      0.15166666666666662,
      0.0,
      0.0,
      -0.32333333333333336,
      -0.015000000000000013,
      -0.018809523809523776,
      0.275,
      0.018095238095238053,
      -0.10999999999999999,
      -0.21142857142857147,
      0.1266666666666667,
      0.12634920634920632,
      0.0,
      -0.03920634920634922,
      0.021666666666666612,
      0.058809523809523756,
      0.0,
      0.0,
      -0.10206349206349208,
      0.025158730158730158,
      -0.0478021978021978,
      0.0847619047619047,
      0.18809523809523804
    ],
    "mean_delta_aj": 0.024194627486338147,
    "n_instances_aj": 50,