{
  "H_alt": {
    "mean_delta": -0.002715873015873015,
    "n_instances": 50,
    "deltas": [
      -0.08928571428571425,
      0.0,
      0.0,
      0.0,
      0.0,
      0.0,
      0.0,
      0.0,
      0.0,
      0.0,
      0.0,
      0.0,
      0.0,
      -0.080952380952381,
      0.0,
      0.0,
      0.0,
      0.0,
      0.0,
      0.0,
      0.0,
      0.10000000000000003,
      0.0,
      0.0,
      0.0,
      0.047619047619047616,
      0.0,
      0.0,
      0.0,
      0.0,
      0.0,
      0.0,
      0.0,
      0.0,
      0.0,
      0.0,
      0.0,
      0.0,
      0.0,
      0.0,
      0.0,
      -0.09809523809523807,
      0.0,
      0.0,
      0.0,
      0.0,
      0.02777777777777779,
      0.0,
      0.0,
      -0.04285714285714287
    ],
    "mean_delta_aj": -0.005048427034634517,
    "n_instances_aj": 50,
    "deltas_aj": [
      -0.13386772246381515,
      0.0,
      0.0,
      0.0,
      0.0,
      0.0,
      0.0,
      0.0,
      0.0,
      0.0,
      0.0,
      0.0,
      0.0,
      -0.10935592746953475,
      0.0,
      0.0,
      0.0,
      0.0,
      0.0,
      0.0,
      0.0,
      0.0996918615189415,
      0.0,
      0.0,
      0.0,
      0.09315354048596183,
      0.0,
      0.0,
      0.0,
      0.0,
      0.0,
      0.0,
      0.0,
      0.0,
      0.0,
      0.0,
      0.0,
      0.0,
      0.0,
      0.0,
      0.0,
      -0.18248322928188412,
      0.0,
      0.0,
      0.0,
      0.0,
      0.028898915043087503,
      0.0,
      0.0,
      -0.04845878956448266
    ],
    "self_consistency_aj_mean": 0.721077952176858,
    "self_consistency_aj_n": 48,
    "self_consistency_aj_values": [
      -0.17515388919977612,
      1.0,
      1.0,
      1.0,
      1.0,
      0.35384615384615387,
      0.6223916666220133,
      1.0,
      1.0,
      1.0,
      0.21259842519685032,
      1.0,
      1.0,
      0.0376432078559739,
      0.647209399870824,
      1.0,
      1.0,
      0.12070343725019984,
      0.2070197883494876,
      0.4705027493143157,
      1.0,
      0.38979289940828404,
      1.0,
      1.0,
      1.0,
      0.18189344576466077,
      1.0,
      1.0,
      0.23428307000727175,
      1.0,
      1.0,
      0.2866096400792112,
      1.0,
      0.2827868852459017,
      0.6123296834841391,
      1.0,
      1.0,
      0.21259842519685032,
      1.0,
      1.0,
      0.2827868852459017,
      1.0,
      1.0,
      1.0,
      0.5657401382045799,
      1.0,
      1.0,
      0.06615969274634219
    ],
    "self_consistency_n_degenerate": 2,
    "self_consistency_n_missing": 0
  },
  "R_alt": {
    "mean_delta": 0.031834776334776334,
    "n_instances": 50,
    "deltas": [
      -0.23619047619047615,
      0.0,
      -0.007142857142857173,
      0.0,
      0.023333333333333428,
      0.0,
      0.0323809523809524,
      0.15333333333333332,
      0.0,
      0.0,
      0.0,
      0.0,
      0.0,
      0.0,
      0.2511904761904762,
      0.24999999999999994,
      0.22999999999999998,
      0.0,
      0.0,
      0.0,
      -0.009999999999999953,
      0.0,
      0.0,
      0.2766666666666666,
      0.0,
      0.04761904761904773,
      0.0,
      0.0,
      0.1733333333333333,
      0.0,
      -0.04,
      0.0,
      0.0,
      0.0,
      0.0,
      -0.031666666666666676,
      0.009999999999999953,
      0.06714285714285712,
      0.25333333333333335,
      0.17238095238095236,
      0.04690476190476192,
      0.04285714285714287,
      0.0,
      0.0,
      0.0,
      0.0,
      -0.00040404040404040664,
      0.029523809523809535,
      0.0,
      -0.14285714285714285
    ],
    "mean_delta_aj": 0.033829686043905446,
    "n_instances_aj": 50,
    "deltas_aj": [
      -0.3257909195785079,
      0.0,
      -0.019391950710122466,
      0.0,
      0.08102735430560992,
      0.0,
      0.0025936950743927767,
      0.2194381864900567,
      0.0,
      0.0,
      0.0,
      0.0,
      0.0,
      0.0,
      0.3809183585211838,
      0.3940678716994507,
      0.1023391812865497,
      0.0,
      0.0,
      0.0,
      -0.39473684210526355,
      0.0,
      0.0,
      0.5836477987421383,
      0.0,
      0.015860589587830376,
      0.0,
      0.0,
      0.2542351768809168,
      0.0,
      -0.20781671159029652,
      0.0,
      0.0,
      0.0,
      0.0,
      -0.09473456230558278,
      0.40659340659340665,
      0.045395449384864034,
      0.4,
      -0.10357934137434366,
      -0.04352355019083878,
      0.2135408210686528,
      0.0,
      0.0,
      0.0,
      0.0,
      -0.05707061469936266,
      0.05759435331302453,
      0.0,
      -0.219123448198486
    ],
    "self_consistency_aj_mean": 0.867907168654835,
    "self_consistency_aj_n": 43,
    "self_consistency_aj_values": [
      1.0,
      1.0,
      1.0,
      1.0,
      1.0,
      1.0,
      0.32530120481927705,
      1.0,
      1.0,
      1.0,
      1.0,
      1.0,
      1.0,
      0.19617224880382772,
      -0.3333333333333334,
      1.0,
      1.0,
      1.0,
      1.0,
      1.0,
      1.0,
      1.0,
      1.0,
      1.0,
      1.0,
      1.0,
      1.0,
      1.0,
      1.0,
      1.0,
      1.0,
      1.0,
      1.0,
      -0.714285714285714,
      -0.1538461538461538,
      1.0,
      1.0,
      1.0,
      1.0,
      1.0,
      1.0,
      1.0,
      1.0
    ],
    "self_consistency_n_degenerate": 5,
    "self_consistency_n_missing": 2
  },
  "CF_alt": {
    "mean_delta": 0.006331607281607289,
    "n_instances": 50,
    "deltas": [
      -0.12619047619047613,
      0.05571428571428566,
      0.059523809523809534,
      0.07325396825396824,
      0.0,
      0.0,
      0.0,
      0.0,
      -0.06931818181818178,
      0.0,
      0.0,
      0.05952380952380959,
      0.0025974025974026538,
      0.0,
      -0.009444444444444436,
      -0.014682539682539686,
      -0.043333333333333335,
      0.0,
      0.0,
      -0.04928904428904424,
      0.0,
      0.0,
      0.1333333333333333,
      0.0,
      0.0,
      0.0,
      0.0,
      0.0,
      -0.007272727272727264,
      0.0,
      0.16666666666666663,
      0.0,
      0.0,
      0.0,
      0.0,
      0.0,
      0.0,
      0.0,
      0.0,
      0.0,
      0.016767676767676765,
      -0.12380952380952376,
      0.0,
      0.0,
      0.11111111111111116,
      0.0,
      0.0,
      0.021428571428571436,
      0.06000000000000005,
      0.0
    ],
    "mean_delta_aj": 0.030093718379894257,
    "n_instances_aj": 50,
    "deltas_aj": [
      -0.15535586650029165,
      0.1620060619684049,
      0.06857987389870962,
      0.05456837834059464,
      0.0,
      0.0,
      0.0,
      0.0,
      0.12187581623178534,
      0.0,
      0.0,
      0.10618115796458577,
      0.17560339644201328,
      0.0,
      -0.07513684302979928,
      0.01668179015130053,
      -0.01846020737890594,
      0.0,
      0.0,
      -0.09143663778604827,
      0.0,
      0.0,
      0.20268511790139054,
      0.0,
      0.0,
      0.0,
      0.0,
      0.0,
      -0.20176603420902162,
      0.0,
      0.24967063050479127,
      0.0,
      0.0,
      0.0,
      0.0,
      0.0,
      0.0,
      0.0,
      0.0,
      0.0,
      0.06297823800358399,
      -0.3263190256899182,
      0.0,
      0.0,
      1.0,
      0.0,
      0.0,
      0.08415094596193859,
      0.06817912621959943,
      0.0
    ],
    "self_consistency_aj_mean": 0.6149551664905546,
    "self_consistency_aj_n": 48,