{
  "H_alt": {
    "mean_delta": -0.0022029490531855806,
    "n_instances": 50,
    "deltas": [
      0.0,
      -0.011578947368421022,
      0.00500725689404935,
      0.013424242424242422,
      0.0,
      -0.003947368421052672,
      0.0,
      -0.0030877192982456184,
      0.0,
      0.019425095655956057,
      -0.005668016194331979,
      -0.008201058201058195,
      -0.004734693877551044,
      0.0,
      0.0028067361668003277,
      0.0,
      0.0036706349206349353,
      -0.005365853658536583,
      0.0,
      -0.0452380952380953,
      -0.0040259740259739885,
      -0.014467253176930595,
      -0.022660037215561868,
      -0.01776515151515151,
      -0.0005344698367954204,
      -0.0048979591836735,
      -0.014238042269187998,
      0.006756756756756743,
      0.015258093499116027,
      0.007661290322580644,
      -0.014430001766552902,
      0.0,
      0.0,
      0.004283447911158117,
      -0.010975412387177086,
      -0.0012031614416944392,
      0.0,
      0.0,
      0.012318840579710166,
      -0.002938888240557047,
      0.0,
      -0.008038277511961733,
      -0.006526806526806483,
      0.009763339565033169,
      0.0,
      0.0,
      0.0,
      0.0,
      0.0,
      0.0
    ],
    "mean_delta_aj": -0.0066449405776066615,
    "n_instances_aj": 50,
    "deltas_aj": [
      0.0,
      0.0,
      0.020061493102651484,
      0.04726150839290788,
      0.0,
      0.0,
      0.0,
      -0.010496595404367773,
      0.0,
      0.02948931533116144,
      0.0,
      -0.05415570899882026,
      -0.02651687785736917,
      0.0,
      0.010626151591304197,
      0.0,
      0.028993287809627066,
      -0.026732351911743845,
      0.0,
      -0.0844420755906512,
      -0.01595417339521621,
      -0.06588544407593484,
      -0.036962653699827194,
      -0.05253825505775167,
      -0.01864707621643119,
      -0.023786232307107108,
      0.0,
      0.027557248864978123,
      0.012050167365015296,
      0.017326658046639853,
      -0.04922620377594222,
      0.0,
      0.0,
      0.016167066236307814,
      -0.0935136765172907,
      0.017663552881945654,
      0.0,
      0.0,
      0.029643799372696122,
      -0.01537141773733064,
      0.0,
      -0.06629354384888869,
      0.00852474389974267,
      0.04291026461936198,
      0.0,
      0.0,
      0.0,
      0.0,
      0.0,
      0.0
    ],
    "self_consistency_aj_mean": 0.6057830054142598,
    "self_consistency_aj_n": 49,
    "self_consistency_aj_values": [
      1.0,
      0.5082357942181495,
      0.3311583041760205,
      0.6800785031265894,
      1.0,
      0.726577926746011,
      0.7982906710426564,
      0.43721975006210645,
      0.5730691032392063,
      0.32041516635804573,
      0.29097107498170294,
      0.5445273217092246,
      0.6721298315770913,
      0.6942613187192553,
      0.9173430302294364,
      0.9221501631951475,
      0.5111145795209886,
      0.3917873352686035,
      0.5308371383055583,
      0.21977284821842263,
      0.7576238045588377,
      0.14615933681329413,
      0.22430961353760365,
      0.3386164018300744,
      0.29841379995584993,
      0.9509332999519347,
      0.5521676125798585,
      0.636143776705738,
      0.7602639792604455,
      0.5302851382198681,
      0.27605744739072685,
      0.4894500191760343,
      0.7430674788620256,
      0.4830823767824043,
      0.4087573152807679,
      1.0,
      0.9393629932793908,
      0.5954658464072032,
      0.6628572324753614,
      0.675378427786762,
      0.2670695040910947,
      0.6086379766682326,
      0.5317575386440428,
      0.9448571887433654,
      1.0,
      0.31645957867684904,
      1.0,
      0.5672083469387207,
      0.9090413699880244
    ],
    "self_consistency_n_degenerate": 1,
    "self_consistency_n_missing": 0
  },
  "R_alt": {
    "mean_delta": 0.0034755889074014035,
    "n_instances": 50,
    "deltas": [
      0.005382520860781725,
      -0.11001144164759724,
      0.020534399810715642,
      -0.07868412810273274,
      0.03194805194805184,
      -0.004421280473912076,
      -0.019444444444444403,
      0.0,
      -0.04634199134199135,
      0.012336561743341398,
      0.11385727833096254,
      -0.028774928774928765,
      -0.07311997526283245,
      0.07176190476190475,
      0.0,
      0.0,
      -0.0037183774593471663,
      0.0,
      -0.03732193732193734,
      -0.009166666666666712,
      -0.06045059519303639,
      0.0504079696394687,
      0.0005136893467064252,
      0.12753276471811942,
      -0.07086948139579718,
      -0.0035672145753930518,
      -0.0006896551724137959,
      0.05159263982793391,
      0.0,
      0.06523177971453831,
      0.01347915860110982,
      0.0,
      0.07,
      -0.027136021872863958,
      0.12460869565217395,
      0.0,
      0.02145502645502645,
      -0.010533322907707143,
      0.0,
      0.022394986449864485,
      0.0,
      -0.0954948499776086,
      0.0,
      0.04299332408859796,
      -0.0037158469945354766,
      0.0,
      -0.05920657499604867,
      0.007407407407407404,
      0.013852813852813894,
      0.049157206742346055
    ],
    "mean_delta_aj": 0.010043453098013267,
    "n_instances_aj": 50,
    "deltas_aj": [
      0.013692901693880322,
      -0.12713272796843145,
      0.06716103556123554,
      -0.13709373216177434,
      0.13258717190549785,
      0.0005113589506196281,
      -0.06167003399174044,
      0.0,
      -0.11243032611706866,
      0.09526451476858243,
      0.4015692817240362,
      -0.14902951910354273,
      -0.2499713998974274,
      0.21912202398226982,
      0.0,
      0.0,
      -0.019722509256529075,
      0.0,
      -0.0802548395170748,
      0.050151277003025685,
      -0.13372979864052198,
      0.20380524979462336,
      0.08741210127733376,
      0.33468444966530025,
      -0.25845887340283136,
      -0.05021354623487473,
      -0.0022561126619657923,
      0.13169416495543562,
      0.0,
      0.1364896364372446,
      0.055862879180337166,
      0.0,
      0.3079007529037097,
      -0.11929717506417903,
      0.33637060313186606,
      0.0,
      -0.010502998286725629,
      -0.06114712140100573,
      0.0,
      0.04443059246728576,
      0.0,
      -0.37114789710453844,
      0.0,
      0.12278075226422103,
      -0.012822111281343307,
      0.0,
      -0.25957200059587,
      0.008316119236854944,
      -0.12633773928009173,
      0.09515624996484028
    ],
    "self_consistency_aj_mean": 0.7639406264567071,
    "self_consistency_aj_n": 49,
    "self_consistency_aj_values": [
      1.0,
      -0.0923076923076923,
      0.6686151948248285,
      1.0,
      1.0,
      1.0,
      1.0,
      1.0,
      0.6389908412764393,
      0.6502419636596843,
      0.4314394665332479,
      0.5256566659236477,
      0.3510188951916163,
      0.5262094969217348,
      1.0,
      1.0,
      1.0,
      1.0,
      0.6627019049457277,
      1.0,
      1.0,
      0.28272597134489796,
      1.0,
      0.47401156241073156,
      0.5190253759520189,
      1.0,
      1.0,
      0.43773724466173713,
      1.0,
      0.8089490540919051,
      1.0,
      1.0,
      0.20720584955976584,
      0.20405444345659127,
      1.0,
      0.6776956634158214,
      0.5766333620802022,
      1.0,
      0.7228018567786544,
      1.0,
      0.7004938731756147,
      1.0,
      1.0,
      0.780758800360785,
      1.0,
      0.3285068899626311,
      0.34992401215805474,
      1.0,
      1.0
    ],
    "self_consistency_n_degenerate": 0,
    "self_consistency_n_missing": 1
  },
  "CF_alt": {
    "mean_delta": -0.0039553279788860675,
    "n_instances": 50,