{
  "H_alt": {
    "mean_delta": 0.003372717409869112,
    "n_instances": 50,
    "deltas": [
      0.051414141414141384,
      0.0,
      0.0,
      0.01470588235294118,
      0.0,
      0.0,
      0.0,
      -0.0196969696969697,
      0.0,
      0.0,
      0.0,
      0.0,
      0.0,
      0.0,
      0.0,
      0.0,
      0.0,
      0.0,
      0.0,
      0.022222222222222227,
      0.0,
      0.0,
      -0.022222222222222206,
      0.0,
      0.0,
      0.0,
      0.0,
      0.0,
      0.0,
      0.025,
      0.0,
      0.0,
      0.0,
      0.0,
      0.0,
      0.0,
      0.019780219780219765,
      -0.01794871794871794,
      0.0,
      0.0494505494505495,
      -0.020512820512820495,
      -0.017142857142857154,
      -0.007647323436797138,
      0.0404761904761905,
      0.0,
      0.0,
      0.0,
      0.06464646464646462,
      -0.030555555555555586,
      0.01666666666666667
    ],
    "mean_delta_aj": 0.0035100915041195464,
    "n_instances_aj": 50,
    "deltas_aj": [
      0.10273773160423993,
      0.0,
      0.0,
      0.036195607737743024,
      0.0,
      0.0,
      0.0,
      -0.05074351764072871,
      0.0,
      0.0,
      0.0,
      0.0,
      0.0,
      0.0,
      0.0,
      0.0,
      0.0,
      0.0,
      0.0,
      0.10178338408003479,
      0.0,
      0.0,
      -0.10697674418604652,
      0.0,
      0.0,
      0.0,
      0.0,
      0.0,
      0.0,
      0.0,
      0.0,
      0.0,
      0.0,
      0.0,
      0.0,
      0.0,
      0.03812026276293101,
      -0.02804720266057678,
      0.0,
      0.11006485664500582,
      -0.04108290107029278,
      -0.052501574945273494,
      -0.005601732603964349,
      0.05642689402803952,
      0.0,
      0.0,
      0.0,
      0.08783904886725807,
      -0.10402978537012708,
      0.03132024795773486
    ],
    "self_consistency_aj_mean": 0.7434662724892999,
    "self_consistency_aj_n": 50,
    "self_consistency_aj_values": [
      0.6726305541617605,
      0.43745884077480035,
      1.0,
      0.6835705979358252,
      0.5756933510960397,
      1.0,
      0.43745884077480035,
      0.5523643769137443,
      0.6835705979358252,
      0.3332897961745478,
      1.0,
      1.0,
      0.722618688202364,
      1.0,
      0.6223916666220133,
      0.41800987406535217,
      1.0,
      1.0,
      1.0,
      0.7256568278372748,
      1.0,
      0.18513197310222512,
      0.7109226580144952,
      1.0,
      1.0,
      1.0,
      0.6306415871428892,
      1.0,
      1.0,
      0.5061822901070947,
      1.0,
      1.0,
      0.7655621806605729,
      1.0,
      0.7192037337501473,
      0.7153371011970592,
      0.6879551489918753,
      0.6123296834841391,
      1.0,
      0.6879551489918753,
      0.6483777006508248,
      0.8092920765191375,
      0.5546136873879983,
      0.3266122137824019,
      0.647209399870824,
      0.7528071467685028,
      1.0,
      0.5355513912771742,
      0.44723830710951923,
      0.36567618316188893
    ],
    "self_consistency_n_degenerate": 0,
    "self_consistency_n_missing": 0
  },
  "R_alt": {
    "mean_delta": -0.012076464530814691,
    "n_instances": 49,
    "deltas": [
      0.0,
      0.0,
      -0.07651515151515156,
      0.014102564102564136,
      0.010000000000000009,
      0.0056565656565656375,
      0.0,
      0.14696969696969703,
      -0.2267857142857143,
      0.0,
      0.0,
      0.0,
      0.0,
      0.0,
      0.0,
      0.0,
      -0.0930555555555555,
      -0.022020202020201995,
      -0.034523809523809526,
      -0.065,
      0.0,
      0.0,
      0.0,
      0.0,
      0.0,
      0.0,
      -0.016269841269841268,
      0.0,
      -0.031746031746031744,
      0.0,
      -0.05091093117408904,
      0.0,
      0.0,
      -0.04666666666666666,
      0.0,
      0.0,
      0.0,
      0.0,
      -0.1442857142857143,
      -0.06446886446886446,
      0.0,
      -0.020036630036630032,
      0.0,
      0.0,
      0.0,
      0.0,
      0.0,
      0.0,
      0.12380952380952381
    ],
    "mean_delta_aj": 0.002114493653908263,
    "n_instances_aj": 49,
    "deltas_aj": [
      0.0,
      0.0,
      -0.21193484970507287,
      0.11464916946421175,
      -0.08901835238036204,
      0.230532511853289,
      0.0,
      0.37055093489514435,
      -0.3129683405543549,
      0.0,
      0.0,
      0.0,
      0.0,
      0.0,
      -0.05765018457457616,
      0.0,
      0.10724646415943428,
      -0.04820924032412066,
      0.059980837271313314,
      -0.4944114508333355,
      0.0,
      0.0,
      0.0,
      0.0,
      0.0,
      0.0,
      -0.0759067877628904,
      0.0,
      0.1100929770529625,
      0.0,
      -0.1135020217500636,
      0.0,
      0.0,
      0.243161094224924,
      0.0,
      0.0,
      0.0,
      0.0,
      -0.013514343652883481,
      -0.14391648773484128,
      0.0,
      0.19314249963303753,
      0.0,
      0.0,
      0.0,
      0.0,
      0.0,
      0.0,
      0.23528575975968907
    ],
    "self_consistency_aj_mean": 0.9159700863262941,
    "self_consistency_aj_n": 45,
    "self_consistency_aj_values": [
      1.0,
      1.0,
      1.0,
      1.0,
      1.0,
      1.0,
      0.4505040489175343,
      0.20344395341275923,
      -0.23529411764705885,
      1.0,
      1.0,
      1.0,
      1.0,
      1.0,
      1.0,
      1.0,
      1.0,
      1.0,
      1.0,
      1.0,
      1.0,
      1.0,
      1.0,
      1.0,
      1.0,
      1.0,
      1.0,
      1.0,
      1.0,
      1.0,
      1.0,
      1.0,
      1.0,
      1.0,
      1.0,
      1.0,
      1.0,
      1.0,
      1.0,
      1.0,
      1.0,
      1.0,
      1.0,
      1.0,
      -0.20000000000000004
    ],
    "self_consistency_n_degenerate": 0,
    "self_consistency_n_missing": 5
  },
  "CF_alt": {
    "mean_delta": -0.022422929796381802,
    "n_instances": 50,
    "deltas": [
      0.010959595959595947,
      -0.03825396825396821,
      -0.1051587301587302,
      0.007260827407886278,
      -0.08333333333333337,
      -0.11136752136752137,
      -0.08055555555555552,
      0.016666666666666677,
      0.0,
      -0.03316017316017311,
      -0.11944444444444444,
      0.07782805429864253,
      -0.24190476190476193,
      0.001583445793972113,
      0.00666666666666664,
      -0.08459595959595959,
      0.0,
      -0.06767232767232764,
      0.10484848484848486,
      0.06212406015037594,
      -0.01948717948717954,
      -0.0053846153846153905,
      0.012499999999999997,
      -0.0024675324675324517,
      -0.05208333333333334,
      0.03873015873015878,
      0.06757020757020754,
      0.0,
      0.0,
      0.0,
      -0.017643540669856406,
      0.0,
      0.00032448201952844924,
      -0.11515151515151514,
      0.008937728937728984,
      0.0,
      -0.02848124098124094,
      0.06535353535353539,
      -0.04588827838827836,
      0.020604395604395642,
      -0.15952380952380954,
      -0.0021362229102167007,
      -0.04284878863826233,
      -0.04033189033189033,
      -0.10285714285714286,
      0.0053361344537815325,
      0.0,
      -0.07112554112554115,
      0.027264957264957257,
      0.015151515151515152
    ],
    "mean_delta_aj": -0.039195158474521055,
    "n_instances_aj": 50,