{
  "H_alt": {
    "mean_delta": 0.0015023809523809551,
    "n_instances": 50,
    "deltas": [
      0.014523809523809605,
      0.0,
      0.0957142857142857,
      -0.03571428571428564,
      0.0,
      0.0,
      -0.08035714285714285,
      0.0,
      0.0,
      0.0,
      -0.10000000000000003,
      0.0,
      0.0,
      0.0,
      0.0,
      0.0,
      0.0,
      0.0,
      0.0,
      -0.03111111111111109,
      0.0,
      0.0,
      0.0,
      0.0,
      0.0,
      0.03571428571428564,
      0.0,
      0.0,
      0.0,
      0.0,
      0.0,
      0.0,
      0.0,
      0.0,
      0.0,
      0.0,
      0.0,
      0.04285714285714287,
      0.0,
      0.0,
      0.0,
      0.07000000000000006,
      0.0,
      0.0,
      0.0,
      0.0,
      0.06349206349206349,
      0.0,
      0.0,
      0.0
    ],
    "mean_delta_aj": -0.0005245945097558816,
    "n_instances_aj": 50,
    "deltas_aj": [
      0.02072992567743759,
      0.0,
      0.150647491078058,
      -0.10085345545378854,
      0.0,
      0.0,
      -0.22616407982261644,
      0.0,
      0.0,
      0.0,
      -0.15748031496062997,
      0.0,
      0.0,
      0.0,
      0.0,
      0.0,
      0.0,
      0.0,
      0.0,
      -0.04512269678755626,
      0.0,
      0.0,
      0.0,
      0.0,
      0.0,
      0.06986515536447138,
      0.0,
      0.0,
      0.0,
      0.0,
      0.0,
      0.0,
      0.0,
      0.0,
      0.0,
      0.0,
      0.0,
      0.0674846625766871,
      0.0,
      0.0,
      0.0,
      0.12860892388451448,
      0.0,
      0.0,
      0.0,
      0.0,
      0.06605466295562859,
      0.0,
      0.0,
      0.0
    ],
    "self_consistency_aj_mean": 0.780500699351157,
    "self_consistency_aj_n": 48,
    "self_consistency_aj_values": [
      0.4515948517067711,
      1.0,
      0.47242206235011985,
      0.19764059347187404,
      1.0,
      1.0,
      0.6223916666220133,
      1.0,
      1.0,
      1.0,
      0.21259842519685032,
      1.0,
      1.0,
      1.0,
      1.0,
      1.0,
      1.0,
      0.47242206235011985,
      0.5374282098705344,
      0.4705027493143157,
      1.0,
      1.0,
      1.0,
      1.0,
      1.0,
      0.18189344576466077,
      1.0,
      1.0,
      0.5374282098705344,
      1.0,
      1.0,
      1.0,
      1.0,
      0.2827868852459017,
      0.6123296834841391,
      1.0,
      0.3793540215326156,
      1.0,
      1.0,
      0.6123296834841391,
      0.2827868852459017,
      0.2827868852459017,
      1.0,
      1.0,
      0.2555545226364228,
      1.0,
      1.0,
      0.5997827254627182
    ],
    "self_consistency_n_degenerate": 2,
    "self_consistency_n_missing": 0
  },
  "R_alt": {
    "mean_delta": 0.00519307359307359,
    "n_instances": 50,
    "deltas": [
      -0.11333333333333326,
      0.0,
      0.0,
      0.0,
      0.10000000000000003,
      0.0,
      -0.14857142857142858,
      -0.0761904761904762,
      0.0,
      0.11000000000000001,
      0.0,
      0.0,
      -0.02216450216450211,
      0.024999999999999994,
      -0.1104761904761905,
      0.0,
      0.0,
      0.0,
      0.0,
      0.053650793650793616,
      0.009999999999999953,
      0.0,
      0.0,
      0.0,
      0.10500000000000004,
      0.0,
      0.0,
      0.0,
      0.053333333333333316,
      0.0,
      0.0,
      0.0,
      0.1426190476190476,
      0.0,
      0.09999999999999992,
      0.0,
      0.009999999999999953,
      0.0,
      0.0,
      0.22333333333333336,
      0.13142857142857145,
      0.0,
      0.0,
      0.0,
      0.0,
      0.0,
      -0.00040404040404040664,
      0.026428571428571412,
      -0.36,
      0.0
    ],
    "mean_delta_aj": 0.051042009152155794,
    "n_instances_aj": 50,
    "deltas_aj": [
      -0.1472216663331331,
      0.0,
      0.0,
      0.0,
      0.10427528675703857,
      0.0,
      -0.2773501266128604,
      -0.02275059091259332,
      0.0,
      0.1745579059559973,
      0.0,
      0.0,
      -0.06260077443636256,
      0.024028724765185673,
      -0.03901197860106481,
      0.053281590413943314,
      0.0,
      0.0,
      0.0,
      0.23601471086646292,
      0.39473684210526355,
      0.0,
      0.0,
      0.0,
      0.24239702257827347,
      0.0,
      0.0,
      0.0,
      -0.285974090682611,
      0.0,
      0.0,
      0.0,
      0.5150619003322476,
      0.0,
      0.11244979919678716,
      0.0,
      0.40659340659340665,
      0.0,
      0.0,
      0.41375832629702597,
      0.5209748382458663,
      0.0,
      0.0,
      0.0,
      0.0,
      0.0,
      -0.05707061469936264,
      0.06603172678691137,
      0.1799182189913675,
      0.0
    ],
    "self_consistency_aj_mean": 0.9050431224350952,
    "self_consistency_aj_n": 43,
    "self_consistency_aj_values": [
      1.0,
      1.0,
      1.0,
      1.0,
      0.32530120481927705,
      1.0,
      1.0,
      1.0,
      1.0,
      1.0,
      0.2912588592642591,
      1.0,
      1.0,
      1.0,
      1.0,
      1.0,
      1.0,
      1.0,
      1.0,
      1.0,
      1.0,
      1.0,
      1.0,
      1.0,
      1.0,
      1.0,
      1.0,
      1.0,
      0.2827868852459017,
      1.0,
      1.0,
      1.0,
      1.0,
      -0.24822695035460993,
      0.26573426573426573,
      1.0,
      1.0,
      1.0,
      1.0,
      1.0,
      1.0,
      1.0,
      1.0
    ],
    "self_consistency_n_degenerate": 4,
    "self_consistency_n_missing": 3
  },
  "CF_alt": {
    "mean_delta": -0.007179320679320679,
    "n_instances": 50,
    "deltas": [
      -0.012698412698412626,
      0.0,
      0.0,
      0.0,
      0.0,
      0.0,
      0.0,
      0.0,
      -0.034871794871794926,
      0.0,
      0.0,
      -0.030952380952380842,
      0.02237762237762242,
      0.0,
      -0.01611111111111113,
      -0.011428571428571427,
      0.0,
      0.0,
      0.03571428571428567,
      -0.07843434343434341,
      0.0,
      0.0,
      0.0,
      0.0,
      0.0,
      0.07857142857142857,
      0.0,
      0.0,
      0.0,
      0.0,
      0.0,
      0.0,
      -0.0535714285714286,
      0.0,
      0.0,
      0.0,
      0.0,
      0.029523809523809508,
      0.0,
      0.0,
      0.0,
      -0.1233333333333333,
      0.0,
      0.0,
      0.0,
      0.0,
      -0.0018470418470418748,
      0.0,
      -0.06000000000000005,
      -0.10190476190476189
    ],
    "mean_delta_aj": -0.01145379032895414,
    "n_instances_aj": 50,
    "deltas_aj": [
      -0.05907854719735166,
      0.0,
      0.0,
      0.0,
      0.0,
      0.0,
      0.0,
      0.0,
      0.0,
      0.0,
      0.0,
      -0.011938466646704532,
      0.32433252427107157,
      0.0,
      -0.1211816932663955,
      -0.035625141674192756,
      0.0,
      0.0,
      0.07395381523581035,
      -0.11982054089131333,
      0.0,
      0.0,
      0.0,
      0.0,
      0.0,
      0.1028086864580608,
      0.0,
      0.0,
      0.0,
      0.0,
      0.0,
      0.0,
      -0.08399590488082073,
      0.0,
      0.0,
      0.0,
      0.0,
      0.027557057552648992,
      0.0,
      0.0,
      -0.016896772585446168,
      -0.2105041437454444,
      0.0,
      0.0,
      0.0,
      0.0,
      0.03522583469131449,
      0.0,
      -0.06817912621959943,
      -0.4093470975493447
    ],
    "self_consistency_aj_mean": 0.6507218832698727,
    "self_consistency_aj_n": 49,