{
  "H_alt": {
    "mean_delta": -0.005357864357864358,
    "n_instances": 50,
    "deltas": [
      0.0,
      0.0,
      0.0,
      0.0,
      0.0,
      0.0,
      -0.053333333333333316,
      0.0,
      -0.08055555555555552,
      0.0,
      0.0,
      0.0,
      0.0,
      0.0,
      0.0,
      0.03611111111111115,
      0.0,
      0.0,
      -0.024242424242424288,
      0.0,
      0.0,
      0.0,
      -0.02857142857142858,
      0.0,
      -0.019047619047619063,
      0.0,
      0.0,
      0.0,
      0.0,
      0.0,
      0.0,
      0.0,
      -0.04285714285714287,
      0.0,
      0.0,
      0.0,
      0.0,
      0.0,
      0.060000000000000026,
      0.0,
      -0.0011111111111110905,
      0.0,
      0.0,
      -0.11904761904761907,
      0.0,
      0.0,
      0.0,
      0.0,
      0.0,
      0.004761904761904762
    ],
    "mean_delta_aj": -0.045336732967415125,
    "n_instances_aj": 50,
    "deltas_aj": [
      0.0,
      0.0,
      0.0,
      0.0,
      0.0,
      0.0,
      -0.13522065490433427,
      0.0,
      -1.1282608695652174,
      0.0,
      0.0,
      0.0,
      0.0,
      0.0,
      0.0,
      0.047976258777417846,
      0.0,
      0.0,
      -0.06150120932093013,
      0.0,
      0.0,
      0.0,
      -0.24456521739130438,
      0.0,
      -0.0316184798129433,
      0.0,
      0.0,
      0.0,
      0.0,
      0.0,
      0.0,
      0.0,
      -0.054710068217132174,
      0.0,
      0.0,
      0.0,
      0.0,
      0.0,
      0.06569227818377382,
      0.0,
      -0.033283321066763835,
      0.0,
      0.0,
      -0.5283018867924528,
      0.0,
      0.0,
      0.0,
      0.0,
      0.0,
      -0.16304347826086962
    ],
    "self_consistency_aj_mean": 0.8146143366681728,
    "self_consistency_aj_n": 49,
    "self_consistency_aj_values": [
      1.0,
      1.0,
      1.0,
      1.0,
      1.0,
      0.45983180539682217,
      1.0,
      0.0376432078559739,
      0.7931048081523238,
      1.0,
      1.0,
      1.0,
      1.0,
      1.0,
      0.6656835806132808,
      1.0,
      1.0,
      0.6841591619548595,
      1.0,
      1.0,
      1.0,
      0.4142940151074958,
      1.0,
      0.8027433219129104,
      1.0,
      1.0,
      0.01689708141321063,
      1.0,
      1.0,
      1.0,
      1.0,
      0.5623194542629429,
      0.307909604519774,
      0.4429473684210527,
      1.0,
      1.0,
      1.0,
      0.5141660021822859,
      1.0,
      0.43745884077480035,
      1.0,
      1.0,
      0.307909604519774,
      1.0,
      1.0,
      1.0,
      0.494020113214845,
      1.0,
      -0.024985473561882403
    ],
    "self_consistency_n_degenerate": 1,
    "self_consistency_n_missing": 0
  },
  "R_alt": {
    "mean_delta": -0.010302741702741702,
    "n_instances": 50,
    "deltas": [
      -0.16666666666666669,
      0.0,
      0.0009523809523809545,
      0.0,
      0.10928571428571426,
      0.03722222222222224,
      0.012539682539682545,
      -0.13666666666666666,
      -0.08857142857142855,
      0.0,
      -0.06626984126984123,
      0.0,
      0.0,
      0.0,
      0.0,
      0.0,
      0.0,
      0.0,
      0.0008658008658008476,
      0.0,
      0.0,
      0.0,
      0.0,
      0.0,
      0.051111111111111135,
      0.0,
      0.0,
      -0.062380952380952384,
      0.0,
      0.0,
      0.0,
      0.041428571428571426,
      -0.11119047619047623,
      0.0,
      0.0,
      -0.3,
      -0.04999999999999999,
      0.0,
      -0.013636363636363641,
      0.0,
      0.0,
      0.0,
      0.0,
      0.08333333333333337,
      0.0,
      -0.035714285714285754,
      0.0,
      -0.05252525252525253,
      0.0,
      0.2317460317460317
    ],
    "mean_delta_aj": -0.0006183598161401371,
    "n_instances_aj": 50,
    "deltas_aj": [
      -0.17386108032073863,
      0.0,
      -0.033601220552406774,
      0.0,
      0.15561551770232956,
      -0.11817766293133913,
      -0.020554246769317552,
      -0.17454683145457187,
      -0.15362930008849246,
      0.0,
      -0.09528377038095219,
      0.0,
      0.0,
      0.0,
      0.0,
      0.0,
      0.0,
      0.0,
      0.027114601037898256,
      0.0,
      0.0,
      0.0,
      0.0,
      0.0,
      0.23324973755992473,
      0.0,
      0.0,
      -0.054041509811103006,
      0.0,
      0.0,
      0.0,
      0.17554127518359364,
      -0.08731380927813084,
      0.0,
      0.0,
      -0.3216244256706685,
      0.21283227475888022,
      0.0,
      -0.0003868575370680749,
      0.0,
      0.0,
      0.0,
      0.0,
      0.0,
      0.0,
      -0.07719021374058338,
      0.0,
      -0.06743549707204541,
      0.0,
      0.5423750285577845
    ],
    "self_consistency_aj_mean": 0.9542859040654249,
    "self_consistency_aj_n": 49,
    "self_consistency_aj_values": [
      1.0,
      1.0,
      1.0,
      1.0,
      0.6156416189879732,
      1.0,
      1.0,
      1.0,
      1.0,
      1.0,
      0.5163027221058929,
      1.0,
      1.0,
      1.0,
      1.0,
      1.0,
      1.0,
      1.0,
      1.0,
      1.0,
      1.0,
      1.0,
      1.0,
      1.0,
      0.5348659656686295,
      1.0,
      1.0,
      0.09319899244332464,
      1.0,
      1.0,
      1.0,
      1.0,
      1.0,
      1.0,
      1.0,
      1.0,
      1.0,
      1.0,
      1.0,
      1.0,
      1.0,
      1.0,
      1.0,
      1.0,
      1.0,
      1.0,
      1.0,
      1.0,
      1.0
    ],
    "self_consistency_n_degenerate": 1,
    "self_consistency_n_missing": 0
  },
  "CF_alt": {
    "mean_delta": 0.021675296925296933,
    "n_instances": 50,
    "deltas": [
      0.0,
      0.10190476190476194,
      0.17333333333333337,
      0.0,
      -0.03603896103896104,
      -0.017460317460317454,
      0.18809523809523812,
      -0.046666666666666634,
      0.14392857142857146,
      -0.023636363636363622,
      -0.13333333333333328,
      -0.05357142857142855,
      0.0,
      0.21000000000000002,
      0.0,
      0.0,
      0.0,
      0.0,
      0.0,
      0.19666666666666666,
      0.05333333333333351,
      0.25999999999999995,
      0.0,
      0.0,
      0.030622710622710575,
      0.01666666666666672,
      0.0,
      0.21857142857142856,
      0.0,
      0.0,
      0.0,
      -0.015000000000000013,
      0.0323809523809524,
      0.155,
      0.013333333333333308,
      -0.0666666666666666,
      -0.09333333333333332,
      0.08666666666666661,
      0.0,
      0.0,
      0.0,
      0.065,
      0.07833333333333331,
      -0.2914285714285714,
      0.0,
      -0.17976190476190473,
      0.025158730158730158,
      -0.09523809523809523,
      0.08690476190476193,
      0.0
    ],
    "mean_delta_aj": 0.004622831392236163,
    "n_instances_aj": 50,
    "deltas_aj": [
      0.0,
      0.14499193222421408,
      0.47424104911478193,
      0.0,
      0.0015123115805905363,
      0.010558149945323725,
      0.21553411685790091,
      -0.1330098833531732,
      -0.5317135549872121,
      -0.10218196714084417,
      -0.6325830897691174,
      0.07380384642947485,
      0.0,
      0.39260501346167787,
      0.0,
      0.0,
      0.0,
      0.0,
      0.0,
      -0.0700546489659807,
      -0.21400778210116744,
      1.1121553884711781,
      0.0,
      0.0,
      0.12205722811887787,
      -0.22479831512815027,
      0.0,
      0.16025690194342396,
      0.0,
      0.0,
      0.0,
      -0.5255210171378853,
      0.4854712638725825,
      0.0,
      -0.16295408551138285,
      0.04017546017300053,
      -0.23714103468867054,
      0.26532562765435885,
      0.0,
      0.0,
      0.0,
      0.6638935372379358,
      0.14953448841392356,
      -0.8434017595307919,
      0.0,
      -0.18821540864261926,
      -0.07843227121391566,
      -0.2601188179501857,
      0.12315889023365961,
      0.0
    ],
    "self_consistency_aj_mean": 0.5241286543479878,
    "self_consistency_aj_n": 36,