{
  "H_alt": {
    "mean_delta": 0.0032013209013208943,
    "n_instances": 50,
    "deltas": [
      0.028888888888888853,
      0.0,
      0.023636363636363622,
      -0.02051282051282055,
      0.048484848484848464,
      0.0,
      0.04395604395604398,
      0.0,
      0.05277777777777776,
      0.0,
      0.0,
      -0.02893772893772889,
      0.0,
      -0.0721212121212122,
      0.03214285714285714,
      0.0,
      0.0,
      -0.020512820512820523,
      0.0,
      -0.012380952380952437,
      0.06999999999999995,
      0.0,
      0.023636363636363678,
      0.0,
      0.030555555555555614,
      0.0,
      0.0,
      -0.08333333333333337,
      0.01969696969696963,
      0.0,
      0.03214285714285714,
      -0.021818181818181848,
      0.0,
      0.0,
      0.0,
      0.05238095238095242,
      0.0,
      0.0,
      0.0,
      0.07696969696969697,
      0.0,
      0.010952380952380936,
      -0.027857142857142914,
      0.0,
      0.0,
      -0.04666666666666669,
      -0.018681318681318726,
      0.0,
      -0.03333333333333327,
      0.0
    ],
    "mean_delta_aj": 0.00876531190901241,
    "n_instances_aj": 50,
    "deltas_aj": [
      0.2175092326281931,
      0.0,
      0.10380780173903792,
      -0.031770405494917164,
      0.0,
      0.0,
      0.12175224890847472,
      0.0,
      0.17835918543584084,
      0.0,
      0.0,
      0.2191104248087684,
      0.0,
      -0.33008382505075495,
      0.07510669898337469,
      0.2046504962201283,
      0.0,
      0.0,
      0.0,
      -0.07979038988328702,
      0.2777777777777778,
      0.0,
      0.0,
      0.0,
      -0.3767441860465118,
      0.0,
      0.0,
      -0.20604395604395603,
      0.04361252806427471,
      0.0,
      0.11335012594458437,
      -0.0334899933784753,
      0.0,
      0.0,
      0.0,
      0.12449837600589633,
      0.0,
      0.0,
      0.0,
      0.1556382010502817,
      0.0,
      -0.12013138917165808,
      0.06857700439095786,
      0.0,
      0.0,
      -0.07454739084132056,
      -0.09316123040672657,
      0.0,
      -0.11972174018936277,
      0.0
    ],
    "self_consistency_aj_mean": 0.533178170919875,
    "self_consistency_aj_n": 47,
    "self_consistency_aj_values": [
      0.4515948517067711,
      1.0,
      0.12070343725019984,
      0.40565969886805486,
      -0.07951807228915664,
      0.35384615384615387,
      0.11891388878469776,
      1.0,
      0.5838556233795398,
      1.0,
      1.0,
      0.32530120481927705,
      0.4225859247135843,
      0.37281671088146495,
      -0.19630233822729748,
      1.0,
      0.12070343725019984,
      1.0,
      0.4705027493143157,
      -0.3333333333333333,
      1.0,
      0.37434827945776855,
      1.0,
      0.21259842519685032,
      0.532510540436949,
      1.0,
      0.21259842519685032,
      0.5374282098705344,
      1.0,
      0.32530120481927705,
      0.5838556233795398,
      1.0,
      1.0,
      0.32157694609724324,
      1.0,
      -0.03440996411230738,
      0.21259842519685032,
      0.5374282098705344,
      1.0,
      -0.14754098360655732,
      0.2827868852459017,
      1.0,
      0.35384615384615387,
      0.5657401382045799,
      1.0,
      0.4515948517067711,
      0.5997827254627182
    ],
    "self_consistency_n_degenerate": 2,
    "self_consistency_n_missing": 1
  },
  "R_alt": {
    "mean_delta": -0.0033467871309976645,
    "n_instances": 50,
    "deltas": [
      0.14444444444444443,
      0.0,
      0.0,
      0.0,
      0.0,
      -0.030000000000000027,
      0.00904761904761904,
      0.1458874458874459,
      -0.051269841269841354,
      0.0,
      0.0,
      0.0,
      -0.2292063492063492,
      -0.006717726717726691,
      0.0,
      0.0,
      0.0,
      0.0,
      -0.028571428571428553,
      -0.030087719298245663,
      0.0,
      -0.10190476190476189,
      0.0,
      0.0,
      0.0,
      0.02216450216450211,
      0.0,
      0.0,
      -0.023665223665223667,
      0.0,
      0.0,
      0.0,
      -0.20444444444444437,
      0.2966666666666665,
      0.06666666666666665,
      0.0,
      -0.09666666666666668,
      0.0,
      -0.09253968253968253,
      0.0,
      -0.0485714285714286,
      0.0,
      0.0,
      0.0,
      0.0,
      0.09142857142857136,
      0.0,
      0.0,
      0.0,
      0.0
    ],
    "mean_delta_aj": -0.06751692521594782,
    "n_instances_aj": 50,
    "deltas_aj": [
      -0.3530891282771426,
      0.0,
      0.0,
      0.0,
      0.0,
      -0.6000207068962108,
      0.6831250297641047,
      0.4046784767860782,
      -0.10978848853615741,
      0.0,
      0.0,
      -0.026874291692714825,
      -0.9602674609437305,
      -0.44322369428524333,
      0.0,
      0.0,
      0.0,
      0.0,
      -0.549271389637652,
      -0.21390917334083315,
      0.0,
      0.07097722904897791,
      0.0,
      0.0,
      0.0,
      -0.40283259611288647,
      0.0,
      0.0,
      0.16502500087122127,
      0.0,
      0.0,
      0.0,
      -0.8359634784031098,
      -0.2777777777777778,
      0.24184863894705355,
      0.0,
      -0.3558510566620498,
      0.0,
      -0.04326780417774671,
      0.0,
      -0.045773660835564514,
      0.0,
      0.0,
      0.0,
      0.0,
      0.2764100713639936,
      0.0,
      0.0,
      0.0,
      0.0
    ],
    "self_consistency_aj_mean": 0.9028448394176356,
    "self_consistency_aj_n": 43,
    "self_consistency_aj_values": [
      1.0,
      1.0,
      1.0,
      1.0,
      1.0,
      1.0,
      0.24470134874759145,
      1.0,
      1.0,
      1.0,
      0.19402985074626866,
      1.0,
      1.0,
      1.0,
      1.0,
      1.0,
      1.0,
      1.0,
      1.0,
      1.0,
      1.0,
      1.0,
      1.0,
      1.0,
      1.0,
      1.0,
      1.0,
      1.0,
      1.0,
      -0.13142857142857142,
      0.22631578947368444,
      1.0,
      1.0,
      1.0,
      1.0,
      1.0,
      1.0,
      1.0,
      0.2887096774193548,
      1.0,
      1.0,
      1.0,
      1.0
    ],
    "self_consistency_n_degenerate": 4,
    "self_consistency_n_missing": 3
  },
  "CF_alt": {
    "mean_delta": 0.0016279279543985397,
    "n_instances": 50,
    "deltas": [
      0.0,
      0.0,
      0.0,
      0.0050000000000000044,
      -0.0006637806637806443,
      -0.012820512820512886,
      0.0,
      0.012222222222222245,
      0.0,
      -0.03452380952380954,
      0.0,
      0.0027472527472527375,
      0.010109890109890107,
      0.0,
      0.016724941724941766,
      0.006993006993007006,
      0.0,
      -0.016631652661064422,
      0.0,
      0.040396825396825375,
      -0.046666666666666745,
      0.0,
      0.0,
      0.012063492063492054,
      0.02380952380952389,
      0.0,
      -0.02896825396825392,
      0.01944444444444443,
      -0.03121212121212122,
      0.0,
      0.0,
      0.02271475256769373,
      -0.011212121212121118,
      0.0,
      0.19818181818181813,
      0.0,
      0.012500000000000011,
      0.0,
      -0.06396825396825401,
      0.0,
      0.0,
      0.0,
      0.0,
      0.0,
      0.0,
      0.0,
      -0.011648351648351762,
      -0.043434343434343436,
      -0.041666666666666685,
      0.04190476190476189
    ],
    "mean_delta_aj": 0.026612097079088418,
    "n_instances_aj": 50,