{
  "H_alt": {
    "mean_delta": 0.0029591829738888566,
    "n_instances": 50,
    "deltas": [
      0.0,
      0.0,
      -0.08863636363636362,
      0.0,
      0.033333333333333326,
      0.0,
      -0.023636363636363622,
      -0.050000000000000044,
      0.0,
      -0.03063725490196073,
      -0.019220779220779194,
      0.027777777777777735,
      0.0,
      0.053333333333333316,
      0.0,
      0.0,
      0.0,
      0.0,
      -0.027272727272727282,
      0.0,
      0.07976190476190481,
      0.0,
      0.0,
      -0.06666666666666667,
      0.037179487179487186,
      0.0,
      0.0761904761904762,
      0.0,
      0.0,
      0.0023809523809523725,
      0.0,
      0.0,
      0.0,
      0.060000000000000026,
      0.0,
      0.0,
      0.0,
      0.0,
      0.0,
      0.0,
      0.019230769230769246,
      0.0,
      0.033333333333333326,
      0.0,
      0.0,
      0.0,
      0.0,
      -0.04666666666666669,
      0.07817460317460312,
      0.0
    ],
    "mean_delta_aj": -0.0006893190176908936,
    "n_instances_aj": 50,
    "deltas_aj": [
      0.0,
      0.0,
      -0.1962563762892362,
      0.0,
      0.058766662030606875,
      0.0,
      -0.04435931429700837,
      -0.09032258064516127,
      0.0,
      -0.11084534808058938,
      -0.013360077540272203,
      0.04532788035524549,
      0.0,
      0.08260305428678463,
      0.0,
      0.0,
      0.0,
      0.0,
      -0.07353741252033669,
      0.0,
      0.1921981494459269,
      0.0,
      0.0,
      -0.5833333333333334,
      0.17457419104232272,
      0.0,
      0.11138310893512848,
      0.0,
      0.0,
      0.11311798372989595,
      0.0,
      0.0,
      0.0,
      0.17948717948717952,
      0.0,
      0.0,
      0.0,
      0.0,
      0.0,
      0.0,
      0.02292559851888378,
      0.0,
      0.08479915988448417,
      0.0,
      0.0,
      0.0,
      0.0,
      -0.10337249187434275,
      0.11573801597927702,
      0.0
    ],
    "self_consistency_aj_mean": 0.6635067175355165,
    "self_consistency_aj_n": 49,
    "self_consistency_aj_values": [
      1.0,
      0.5997827254627182,
      0.07564022288754074,
      0.7276741307085618,
      1.0,
      0.6999065585537901,
      0.32530120481927705,
      1.0,
      0.31034936050774586,
      0.532510540436949,
      0.36567618316188893,
      1.0,
      0.2655979656980024,
      1.0,
      0.6656835806132808,
      1.0,
      1.0,
      0.007357366143843846,
      1.0,
      0.532510540436949,
      1.0,
      1.0,
      0.2827868852459017,
      0.48713263697356723,
      1.0,
      0.29961976955975667,
      1.0,
      0.17080466646724513,
      0.18189344576466077,
      1.0,
      0.23405904496015,
      1.0,
      0.307909604519774,
      1.0,
      1.0,
      1.0,
      1.0,
      0.7327913012002574,
      0.5476222126217142,
      0.6835705979358252,
      0.5533317908375751,
      0.6845276133763062,
      1.0,
      1.0,
      0.19764059347187404,
      1.0,
      0.30427765567041193,
      0.32157694609724324,
      0.4142940151074958
    ],
    "self_consistency_n_degenerate": 1,
    "self_consistency_n_missing": 0
  },
  "R_alt": {
    "mean_delta": -0.023139815739815734,
    "n_instances": 50,
    "deltas": [
      -0.1333333333333333,
      0.0,
      0.0,
      0.0,
      -0.01388888888888895,
      0.0,
      -0.09391608391608386,
      -0.18,
      -0.07857142857142857,
      0.0,
      -0.05047619047619045,
      0.0,
      0.03666666666666668,
      0.0,
      -0.15238095238095234,
      0.03682539682539682,
      -0.015476190476190532,
      -0.016666666666666607,
      0.0,
      -0.16444444444444445,
      0.0,
      0.0,
      0.0,
      0.0,
      0.0,
      -0.0966666666666667,
      0.0,
      0.02777777777777779,
      0.0,
      0.0,
      0.0,
      -0.017222222222222194,
      0.0,
      0.0,
      0.0,
      -0.28,
      0.053333333333333316,
      0.0,
      0.0,
      0.0,
      0.01358585858585859,
      -0.03333333333333327,
      0.0,
      0.03333333333333338,
      0.0,
      0.0,
      0.0,
      -0.03213675213675213,
      0.0,
      0.0
    ],
    "mean_delta_aj": -0.03134437397747721,
    "n_instances_aj": 50,
    "deltas_aj": [
      0.13888888888888898,
      0.0,
      0.0,
      0.0,
      0.01843136613429669,
      0.0,
      -0.15690061810069153,
      -0.16897711921260525,
      -0.21566002477483082,
      0.0,
      -0.003064054209557381,
      0.0,
      0.1983538399992089,
      0.0,
      -0.2949315198364246,
      0.09943054874656276,
      -0.07782021362399155,
      -0.38684210526315777,
      0.0,
      -0.9000000000000001,
      0.0,
      0.0,
      0.0,
      0.0,
      0.0,
      0.42089249492900627,
      0.0,
      0.05151178000682241,
      0.0,
      0.0,
      0.0,
      -0.29103741683809803,
      0.0,
      0.0,
      0.0,
      -0.36696690406367827,
      0.11153358681875791,
      0.0,
      0.0,
      0.0,
      0.04186579770539886,
      0.08118501445721549,
      0.0,
      0.2719090290290589,
      0.0,
      0.0,
      0.0,
      -0.13902106966604244,
      0.0,
      0.0
    ],
    "self_consistency_aj_mean": 0.9215689273354837,
    "self_consistency_aj_n": 47,
    "self_consistency_aj_values": [
      1.0,
      1.0,
      1.0,
      1.0,
      1.0,
      1.0,
      0.20424786475624873,
      1.0,
      1.0,
      1.0,
      1.0,
      1.0,
      1.0,
      1.0,
      1.0,
      1.0,
      1.0,
      1.0,
      1.0,
      1.0,
      1.0,
      1.0,
      1.0,
      1.0,
      1.0,
      1.0,
      0.2633015006821281,
      1.0,
      1.0,
      1.0,
      1.0,
      1.0,
      1.0,
      1.0,
      0.22834645669291334,
      0.38979289940828404,
      1.0,
      1.0,
      1.0,
      1.0,
      1.0,
      1.0,
      1.0,
      1.0,
      1.0,
      0.2280508632281611,
      1.0
    ],
    "self_consistency_n_degenerate": 0,
    "self_consistency_n_missing": 3
  },
  "CF_alt": {
    "mean_delta": -0.01844219114219113,
    "n_instances": 50,
    "deltas": [
      0.0,
      0.0,
      -0.10444444444444445,
      0.14999999999999997,
      0.0,
      0.0,
      -0.10682539682539677,
      0.0,
      0.0,
      0.27027777777777784,
      -0.045887445887445866,
      0.0,
      0.07222222222222224,
      -0.020000000000000018,
      -0.034999999999999976,
      0.06103174603174599,
      0.0,
      -0.3480952380952381,
      0.0,
      -0.0706349206349206,
      -0.04452380952380952,
      -0.016666666666666607,
      -0.056349206349206316,
      0.06666666666666665,
      0.2208791208791209,
      0.0,
      0.2523809523809523,
      0.0,
      0.0,
      0.0,
      -0.37666666666666665,
      0.04976190476190473,
      -0.022222222222222227,
      0.14000000000000004,
      0.06904761904761908,
      -0.12,
      0.028571428571428553,
      -0.15999999999999998,
      -0.01690476190476181,
      -0.18103174603174604,
      -0.08531468531468532,
      -0.1704761904761904,
      0.10666666666666669,
      0.11833333333333335,
      -0.06190476190476191,
      -0.08333333333333333,
      -0.29999999999999993,
      -0.0455167055167055,
      -0.08888888888888885,
      0.03273809523809523
    ],
    "mean_delta_aj": -0.03308192932592537,
    "n_instances_aj": 50,