{
  "H_alt": {
    "mean_delta": 0.006272442492659879,
    "n_instances": 48,
    "deltas": [
      -0.08333333333333337,
      0.0,
      0.0,
      0.06363636363636366,
      -0.06,
      0.0,
      0.0,
      -0.03214285714285714,
      -0.025454545454545424,
      0.0,
      -0.04,
      0.024242424242424288,
      0.0,
      -0.05614035087719299,
      0.03214285714285714,
      -0.01131093544137024,
      -0.015367965367965308,
      -0.009057971014492738,
      0.0,
      0.03968253968253968,
      0.0394251336898396,
      0.07727272727272727,
      0.03915032679738559,
      0.0,
      -0.016666666666666663,
      0.0,
      0.016666666666666663,
      -0.07777777777777783,
      0.0,
      0.0,
      -0.04047619047619044,
      -0.038095238095238085,
      0.0,
      0.03823529411764706,
      0.04978354978354979,
      0.026666666666666616,
      0.0,
      0.04395424836601308,
      0.0,
      -0.010371874502309308,
      0.039783556102341674,
      0.05909090909090908,
      0.0,
      0.08904761904761904,
      0.0,
      0.0,
      0.01307189542483661,
      0.1254201680672269
    ],
    "mean_delta_aj": 0.0370498338927411,
    "n_instances_aj": 47,
    "deltas_aj": [
      -0.15959248976518756,
      0.0,
      0.0,
      0.07942959843843173,
      -0.07860344420853976,
      0.0,
      0.0,
      -0.03843148142435554,
      -0.025862825009939194,
      0.0,
      -0.328125,
      0.024940288378429543,
      0.0,
      -0.37405033843686697,
      0.19125346473667995,
      0.18006459626273685,
      0.0054572148470217186,
      0.0,
      0.19176121149125946,
      0.05515489752344309,
      0.12040051245118022,
      0.09235857900378372,
      0.0,
      -0.18553771531793906,
      0.0,
      0.09857856155165379,
      -0.1978745825979863,
      0.0,
      0.0,
      -0.0872747513477205,
      -0.0654438990786188,
      0.0,
      0.02643403141925388,
      0.692550988878366,
      0.028192169637249354,
      0.0,
      0.11826972727520402,
      0.0,
      -0.035331931229136415,
      0.4747335622731215,
      0.24034556826072725,
      0.0,
      0.12740643065803903,
      0.0,
      0.0,
      0.03769011312997067,
      0.5324491351585701
    ],
    "self_consistency_aj_mean": 0.5470452327588687,
    "self_consistency_aj_n": 50,
    "self_consistency_aj_values": [
      0.6726305541617605,
      0.6835705979358252,
      1.0,
      0.6835705979358252,
      0.5756933510960397,
      0.7283773243674084,
      1.0,
      0.24957206335807158,
      0.6835705979358252,
      0.7283773243674084,
      0.5838556233795398,
      0.7832783462732205,
      0.5007136387642553,
      0.6835705979358252,
      -0.057303333458362624,
      0.6726305541617605,
      0.6917958656921387,
      0.7256568278372748,
      0.13816370333340794,
      0.5061822901070947,
      0.027443143602271493,
      0.33930402810195504,
      0.29044652421739686,
      0.5061822901070947,
      0.747608179230893,
      0.5374282098705344,
      1.0,
      0.6306415871428892,
      0.5222379768452814,
      0.7256568278372748,
      0.6124150481511658,
      0.43745884077480035,
      0.2631954249332289,
      0.5756933510960397,
      0.4945667207502652,
      0.4876067821547062,
      0.44525359820777827,
      0.6123296834841391,
      1.0,
      0.44525359820777827,
      0.6483777006508248,
      0.499391700862736,
      0.3875938201584977,
      0.3266122137824019,
      0.647209399870824,
      0.11716838131608107,
      0.44525359820777827,
      0.7445532652024459,
      0.44723830710951923,
      0.15423491088251853
    ],
    "self_consistency_n_degenerate": 0,
    "self_consistency_n_missing": 0
  },
  "R_alt": {
    "mean_delta": -0.013553544703106655,
    "n_instances": 48,
    "deltas": [
      0.0,
      0.03333333333333338,
      -0.05079365079365081,
      -0.10795454545454541,
      -0.21357142857142858,
      0.0,
      0.0,
      -0.01746031746031748,
      -0.04785714285714285,
      0.0,
      -0.013333333333333336,
      0.0,
      -0.21428571428571427,
      0.0,
      0.0,
      0.0,
      -0.1228011204481792,
      0.0,
      -0.01372340425531915,
      0.0,
      0.0,
      0.03282828282828276,
      0.0,
      -0.07022222222222227,
      0.0,
      -0.11428571428571427,
      0.06738095238095237,
      -0.07777777777777783,
      0.09610389610389612,
      0.0,
      0.0,
      0.04920634920634921,
      0.0,
      0.0,
      0.0,
      0.0,
      0.17281746031746034,
      0.0,
      0.0,
      0.0,
      0.0,
      0.0,
      0.0,
      -0.078030303030303,
      -0.1006993006993007,
      0.14055555555555554,
      0.0,
      0.0
    ],
    "mean_delta_aj": -0.05122026923382042,
    "n_instances_aj": 47,
    "deltas_aj": [
      0.0,
      0.03348189282927466,
      0.0341553493606499,
      -0.18832908426834175,
      -0.2935832338057963,
      0.0,
      0.0,
      -0.011023876832409907,
      0.007815141390798586,
      0.0,
      -0.5504922725224343,
      0.0,
      -0.8469224037339556,
      0.0,
      0.0,
      0.0,
      -0.11147488965300531,
      0.0,
      0.0,
      0.0,
      -0.08416110876705396,
      0.0,
      0.0,
      0.0,
      -0.1879528892072552,
      -0.3433659606855925,
      -0.1978745825979863,
      0.11080005917666688,
      0.0,
      0.0,
      -0.025692769839123566,
      0.0,
      0.0,
      0.0,
      0.0,
      -0.05155344275635656,
      0.0,
      0.0,
      0.0,
      0.0,
      0.0,
      0.0,
      -0.12812002047091878,
      -0.1641899412822797,
      0.5911313796755597,
      0.0,
      0.0
    ],
    "self_consistency_aj_mean": 0.9221407541980986,
    "self_consistency_aj_n": 43,
    "self_consistency_aj_values": [
      1.0,
      0.6510029513280977,
      1.0,
      1.0,
      1.0,
      1.0,
      1.0,
      1.0,
      1.0,
      1.0,
      1.0,
      1.0,
      1.0,
      1.0,
      1.0,
      1.0,
      1.0,
      1.0,
      1.0,
      1.0,
      1.0,
      1.0,
      1.0,
      0.5677069440739753,
      0.14147153480504338,
      -0.13793103448275862,
      1.0,
      1.0,
      1.0,
      1.0,
      1.0,
      1.0,
      1.0,
      1.0,
      1.0,
      1.0,
      1.0,
      1.0,
      1.0,
      0.42980203479388474,
      1.0,
      1.0,
      1.0
    ],
    "self_consistency_n_degenerate": 0,
    "self_consistency_n_missing": 7
  },
  "CF_alt": {
    "mean_delta": -0.008876608250234317,
    "n_instances": 48,
    "deltas": [
      -0.055555555555555525,
      -0.18333333333333332,
      0.006565656565656552,
      0.0,
      0.07253968253968257,
      -0.056633366633366655,
      -0.09563492063492063,
      -0.04444444444444445,
      0.043923444976076614,
      0.0,
      0.012499999999999997,
      -0.14186429512516463,
      -0.08489010989010987,
      -0.04857142857142857,
      0.016015101692851058,
      0.09612215320910972,
      0.0038178780284043867,
      -0.01154150197628459,
      0.022441814715050995,
      -0.0048894964684438325,
      0.07857585139318887,
      -0.23096237096237093,
      -0.0029295856273543752,
      -0.021161924655892866,
      0.021501831501831492,
      0.0,
      0.05733044733044737,
      -0.15746606334841634,
      0.03354700854700855,
      -0.038846153846153864,
      -0.011935038264258513,
      0.12063492063492064,
      0.04027777777777777,
      -0.002868601986249053,
      -0.03178488178488176,
      0.07737373737373737,
      -0.00877896613190729,
      -0.03998294970161975,
      -0.06666666666666667,
      0.018814664867296438,
      0.04666666666666665,
      -0.031802992329308125,
      0.04577422577422577,
      0.12012987012987014,
      0.013986013986013984,
      -0.004820596070596067,
      0.04064415053545489,
      -0.037894850247791434
    ],
    "mean_delta_aj": -0.030877080975954544,
    "n_instances_aj": 47,