{
  "sst2_prompt": {
    "H_alt": {
      "mean_delta": -0.0007083978315099642,
      "n_instances": 25,
      "deltas": [
        0.0,
        0.0,
        -0.03636363636363649,
        0.0,
        -0.03380952380952379,
        0.0,
        0.03214285714285711,
        0.0,
        0.05595238095238092,
        0.0,
        0.0,
        -0.00989010989010991,
        0.05333333333333329,
        0.0,
        0.010507246376811663,
        -0.07619047619047618,
        0.0,
        0.020512820512820523,
        -0.04166666666666663,
        -0.013450292397660796,
        0.0,
        0.0,
        0.021212121212121182,
        0.0,
        0.0
      ],
      "self_consistency_aj_mean": 0.5502105357789976,
      "self_consistency_aj_n": 24,
      "self_consistency_aj_values": [
        0.4515948517067711,
        1.0,
        0.12070343725019984,
        0.40565969886805486,
        0.32530120481927705,
        1.0,
        0.11891388878469776,
        1.0,
        0.5838556233795398,
        1.0,
        0.21259842519685032,
        0.32530120481927705,
        0.0376432078559739,
        0.647209399870824,
        -0.19630233822729748,
        1.0,
        0.12070343725019984,
        0.2070197883494876,
        0.4705027493143157,
        1.0,
        1.0,
        0.37434827945776855,
        1.0,
        1.0
      ],
      "self_consistency_n_degenerate": 0,
      "self_consistency_n_missing": 1
    },
    "R_alt": {
      "mean_delta": -0.06516604779136748,
      "n_instances": 25,
      "deltas": [
        0.0,
        -0.07004995004995007,
        -0.2756565656565657,
        -0.0819047619047619,
        0.13333333333333336,
        0.05444444444444449,
        -0.0035989010989010972,
        -0.2909090909090909,
        -0.0942857142857143,
        0.0,
        0.0,
        0.07783882783882784,
        -0.0008658008658008476,
        0.0,
        -0.07249952945605112,
        0.0,
        -0.2571428571428571,
        0.054871794871794916,
        0.16806722689075632,
        -0.015277777777777779,
        -0.3466666666666667,
        -0.15833333333333344,
        -0.24000000000000005,
        -0.16111111111111107,
        -0.049404761904761896
      ],
      "self_consistency_aj_mean": 0.6927371508075879,
      "self_consistency_aj_n": 11,
      "self_consistency_aj_values": [
        1.0,
        1.0,
        0.18840579710144928,
        1.0,
        1.0,
        0.4317028617820175,
        1.0,
        1.0,
        -1.0,
        1.0,
        1.0
      ],
      "self_consistency_n_degenerate": 2,
      "self_consistency_n_missing": 12
    },
    "CF_alt": {
      "mean_delta": 0.04254608698284587,
      "n_instances": 22,
      "deltas": [
        0.08611111111111108,
        0.124062604062604,
        0.014545454545454473,
        -0.0054978354978355015,
        -0.002857142857142836,
        0.0016666666666667052,
        0.03390109890109891,
        -0.07590909090909093,
        0.0,
        -0.008181818181818151,
        0.1,
        0.01898101898101895,
        0.016450216450216437,
        -0.007367149758454011,
        0.007142857142857145,
        0.0,
        0.010641025641025648,
        0.021639471639471664,
        0.07999999999999996,
        0.44999999999999996,
        0.03616161616161617,
        0.03452380952380946
      ],
      "self_consistency_aj_mean": 0.3266260405380072,
      "self_consistency_aj_n": 9,
      "self_consistency_aj_values": [
        0.3389994544256524,
        0.2858281838383132,
        1.0,
        0.11337551702413225,
        0.2545942927049813,
        -0.19463632669646472,
        0.7174929092043836,
        0.2299504835947984,
        0.19402985074626866
      ],
      "self_consistency_n_degenerate": 4,
      "self_consistency_n_missing": 12
    },
    "RO_alt": {
      "mean_delta": 0.0017053718092081293,
      "n_instances": 25,
      "deltas": [
        0.024444444444444435,
        0.02034632034632039,
        -0.027878787878787892,
        0.04666666666666669,
        0.043809523809523826,
        0.033333333333333354,
        0.007619047619047609,
        -0.01974025974025978,
        0.0,
        0.0,
        0.04000000000000001,
        0.0,
        -0.024242424242424288,
        -0.05128205128205124,
        -0.004637681159420232,
        0.0,
        0.03571428571428564,
        0.0,
        0.0784313725490196,
        0.0,
        -0.053333333333333344,
        -0.08999999999999997,
        0.03393939393939388,
        -0.022222222222222143,
        -0.02833333333333332
      ],
      "self_consistency_aj_mean": 0.6808262994626516,
      "self_consistency_aj_n": 22,
      "self_consistency_aj_values": [
        1.0,
        0.05769230769230735,
        0.43312883435582816,
        0.3081969492734283,
        1.0,
        1.0,
        1.0,
        1.0,
        1.0,
        1.0,
        1.0,
        0.37028112449799205,
        0.4429473684210527,
        1.0,
        0.48810754912099275,
        0.17080466646724513,
        0.2070197883494876,
        1.0,
        1.0,
        1.0,
        -0.4999999999999997,
        1.0
      ],
      "self_consistency_n_degenerate": 3,
      "self_consistency_n_missing": 0
    }
  },
  "mnli_prompt": {
    "H_alt": {
      "mean_delta": 0.18444824602580806,
      "n_instances": 21,
      "deltas": [
        0.050925925925925875,
        0.33333333333333326,
        0.36057692307692313,
        0.053814002089864144,
        0.05555555555555555,
        -0.1333333333333333,
        0.16666666666666669,
        0.2352941176470588,
        0.24999999999999997,
        0.2,
        0.3,
        0.1787878787878788,
        0.05,
        0.4000000000000001,
        0.18787878787878792,
        0.0,
        0.15873015873015872,
        0.24761904761904763,
        0.13333333333333333,
        0.375,
        0.26923076923076916
      ],
      "self_consistency_aj_mean": -0.278578572271518,
      "self_consistency_aj_n": 24,
      "self_consistency_aj_values": [
        -0.2598425196850394,
        -0.23067804772211314,
        -0.2282419000216704,
        -0.7635591102224446,
        -0.21466818105612664,
        -0.21281892798967972,
        -0.27159235246311025,
        -0.24912648497554152,
        -0.26696677756690235,
        -0.292754444999888,
        -0.17987074451883478,
        -0.2729199467118808,
        -0.24828211375888043,
        -0.40076046088048667,
        -0.2071750170910112,
        -0.18761302832000296,
        -0.3189448441247002,
        -0.09732404574670867,
        -0.3493975903614458,
        -0.292754444999888,
        -0.3493975903614458,
        -0.3568461078055136,
        -0.25130344108446295,
        -0.1830476120486542
      ],
      "self_consistency_n_degenerate": 0,
      "self_consistency_n_missing": 1
    },
    "R_alt": {
      "mean_delta": -0.032137537650432466,
      "n_instances": 21,
      "deltas": [
        0.0,
        0.0,
        0.0997002997002997,
        0.180564263322884,
        0.0,
        -0.6,
        -0.05,
        -0.012987012987012991,
        -0.16666666666666666,
        -0.07936507936507936,
        -0.033333333333333354,
        0.0,
        0.08455882352941176,
        -0.08333333333333331,
        0.0,
        -0.04497863247863246,
        0.030952380952380898,
        0.0,
        0.0,
        0.0,
        0.0
      ],
      "self_consistency_aj_mean": 0.8881598309920297,
      "self_consistency_aj_n": 17,
      "self_consistency_aj_values": [
        1.0,
        1.0,
        1.0,
        1.0,
        1.0,
        1.0,
        -0.37500000000000006,
        0.4737171268645046,
        1.0,
        1.0,
        1.0,
        1.0,
        1.0,
        1.0,
        1.0,
        1.0,
        1.0
      ],
      "self_consistency_n_degenerate": 1,
      "self_consistency_n_missing": 7
    },
    "CF_alt": {
      "mean_delta": -0.08486705282368374,
      "n_instances": 21,