{
  "H_alt": {
    "mean_delta": 0.18444824602580806,
    "n_instances": 21,
    "deltas": [
      0.050925925925925875,
      0.33333333333333326,
      0.36057692307692313,
      0.053814002089864144,
      0.05555555555555555,
      -0.1333333333333333,
      0.16666666666666669,
      0.2352941176470588,
      0.24999999999999997,
      0.2,
      0.3,
      0.1787878787878788,
      0.05,
      0.4000000000000001,
      0.18787878787878792,
      0.0,
      0.15873015873015872,
      0.24761904761904763,
      0.13333333333333333,
      0.375,
      0.26923076923076916
    ],
    "self_consistency_aj_mean": -0.278578572271518,
    "self_consistency_aj_n": 24,
    "self_consistency_aj_values": [
      -0.2598425196850394,
      -0.23067804772211314,
      -0.2282419000216704,
      -0.7635591102224446,
      -0.21466818105612664,
      -0.21281892798967972,
      -0.27159235246311025,
      -0.24912648497554152,
      -0.26696677756690235,
      -0.292754444999888,
      -0.17987074451883478,
      -0.2729199467118808,
      -0.24828211375888043,
      -0.40076046088048667,
      -0.2071750170910112,
      -0.18761302832000296,
      -0.3189448441247002,
      -0.09732404574670867,
      -0.3493975903614458,
      -0.292754444999888,
      -0.3493975903614458,
      -0.3568461078055136,
      -0.25130344108446295,
      -0.1830476120486542
    ],
    "self_consistency_n_degenerate": 0,
    "self_consistency_n_missing": 1
  },
  "R_alt": {
    "mean_delta": -0.032137537650432466,
    "n_instances": 21,
    "deltas": [
      0.0,
      0.0,
      0.0997002997002997,
      0.180564263322884,
      0.0,
      -0.6,
      -0.05,
      -0.012987012987012991,
      -0.16666666666666666,
      -0.07936507936507936,
      -0.033333333333333354,
      0.0,
      0.08455882352941176,
      -0.08333333333333331,
      0.0,
      -0.04497863247863246,
      0.030952380952380898,
      0.0,
      0.0,
      0.0,
      0.0
    ],
    "self_consistency_aj_mean": 0.8881598309920297,
    "self_consistency_aj_n": 17,
    "self_consistency_aj_values": [
      1.0,
      1.0,
      1.0,
      1.0,
      1.0,
      1.0,
      -0.37500000000000006,
      0.4737171268645046,
      1.0,
      1.0,
      1.0,
      1.0,
      1.0,
      1.0,
      1.0,
      1.0,
      1.0
    ],
    "self_consistency_n_degenerate": 1,
    "self_consistency_n_missing": 7
  },
  "CF_alt": {
    "mean_delta": -0.08486705282368374,
    "n_instances": 21,
    "deltas": [
      -0.11574074074074076,
      -0.22000000000000003,
      -0.08857142857142855,
      -0.06687565308254964,
      0.0,
      -0.4,
      0.04222222222222223,
      -0.09350649350649351,
      -0.027272727272727282,
      -0.11666666666666665,
      -0.12000000000000001,
      -0.03722943722943725,
      -0.01680672268907564,
      -0.16666666666666666,
      0.08636363636363642,
      -0.054570707070707075,
      -0.126984126984127,
      -0.09285714285714285,
      -0.025,
      -0.1375,
      -0.004545454545454547
    ],
    "self_consistency_aj_mean": -0.11831076207239855,
    "self_consistency_aj_n": 5,
    "self_consistency_aj_values": [
      -0.5882352941176464,
      0.5274000663298153,
      -0.5104895104895107,
      0.04531003996608943,
      -0.06553911205074026
    ],
    "self_consistency_n_degenerate": 3,
    "self_consistency_n_missing": 17
  },
  "RO_alt": {
    "mean_delta": 0.026588475774701994,
    "n_instances": 21,
    "deltas": [
      0.059259259259259234,
      -0.09999999999999998,
      0.1428571428571429,
      -0.03657262277951934,
      0.25,
      -0.3142857142857143,
      0.17222222222222222,
      0.0,
      -0.16666666666666666,
      0.0,
      -0.033333333333333354,
      0.0,
      0.04509803921568627,
      0.16666666666666669,
      0.0,
      -0.05510489510489511,
      0.0,
      0.13857142857142862,
      0.15833333333333333,
      0.0,
      0.1313131313131313
    ],
    "self_consistency_aj_mean": 0.1768685445210955,
    "self_consistency_aj_n": 23,
    "self_consistency_aj_values": [
      1.0,
      1.0,
      -0.005366514402089284,
      -0.1551663690694583,
      -0.18286433630456622,
      -0.28608923884514453,
      -0.2110091743119266,
      0.357069190476338,
      0.028220858895705477,
      0.3081969492734283,
      0.3952691121014741,
      0.6014077104138575,
      0.37028112449799205,
      0.2041468744920259,
      0.5374282098705344,
      0.22631578947368444,
      0.07901003572036062,
      1.0,
      -0.08831887526174075,
      -0.5241935483870969,
      -0.25336842105263135,
      -0.5116564417177913,
      0.17866358812224098
    ],
    "self_consistency_n_degenerate": 0,
    "self_consistency_n_missing": 2
  }
}