{
  "H_alt": {
    "mean_delta": 0.012418686022917184,
    "n_instances": 21,
    "deltas": [
      -0.0902777777777779,
      0.05,
      -0.006554621848739506,
      -0.04915824915824915,
      0.0,
      0.0,
      -0.04323232323232329,
      0.09999999999999998,
      0.03215686274509805,
      0.06123665807876333,
      0.07777777777777778,
      -0.08333333333333333,
      0.0,
      0.0,
      -0.005471380471380488,
      0.047619047619047616,
      0.11136363636363639,
      0.05555555555555555,
      0.0,
      -0.008994708994708972,
      0.012105263157894758
    ],
    "self_consistency_aj_mean": 0.3615359039533401,
    "self_consistency_aj_n": 14,
    "self_consistency_aj_values": [
      0.41800987406535217,
      -0.17781099623139052,
      0.7372308872649048,
      0.24957206335807158,
      0.43745884077480035,
      -0.15684333892017113,
      0.5007136387642553,
      0.2405694350459805,
      0.6917958656921387,
      0.5110791838613351,
      0.027443143602271493,
      0.4876067821547062,
      0.7256568278372748,
      0.36902044807723205
    ],
    "self_consistency_n_degenerate": 0,
    "self_consistency_n_missing": 10
  },
  "R_alt": {
    "mean_delta": -0.03231026843526843,
    "n_instances": 20,
    "deltas": [
      0.12797619047619047,
      0.0,
      -0.05420875420875418,
      -0.09523809523809523,
      -0.008658008658008642,
      -0.061587301587301635,
      -0.010476190476190472,
      0.0,
      -0.05034798534798535,
      0.015873015873015872,
      0.0,
      -0.3142857142857143,
      0.0,
      0.0,
      0.0,
      -0.12303030303030302,
      0.0,
      0.0,
      0.0,
      -0.0722222222222222
    ],
    "self_consistency_aj_mean": 0.8824308638127277,
    "self_consistency_aj_n": 17,
    "self_consistency_aj_values": [
      1.0,
      1.0,
      0.03978622327790976,
      1.0,
      1.0,
      1.0,
      1.0,
      1.0,
      1.0,
      1.0,
      1.0,
      1.0,
      1.0,
      1.0,
      1.0,
      1.0,
      -0.03846153846153846
    ],
    "self_consistency_n_degenerate": 0,
    "self_consistency_n_missing": 7
  },
  "CF_alt": {
    "mean_delta": 0.0021062548387343672,
    "n_instances": 19,
    "deltas": [
      0.0,
      0.0,
      0.1320532890575585,
      -0.06734006734006734,
      -0.22798008092125738,
      0.0,
      0.3522344322344322,
      -0.014285714285714318,
      -0.0196078431372549,
      -0.020348252053057514,
      -0.018710048121812817,
      -0.020634920634920617,
      0.0,
      -0.04318181818181817,
      -0.015238095238095231,
      -0.05624098124098126,
      0.020833333333333332,
      0.07037037037037039,
      -0.03190476190476188
    ],
    "self_consistency_aj_mean": 0.05493935457043507,
    "self_consistency_aj_n": 8,
    "self_consistency_aj_values": [
      0.4575983397792661,
      -0.33738601823708203,
      0.283134293955308,
      -0.044343401414194364,
      0.6754327921538652,
      -0.43848151416772485,
      -0.04437316030993416,
      -0.11206649519602338
    ],
    "self_consistency_n_degenerate": 0,
    "self_consistency_n_missing": 16
  },
  "RO_alt": {
    "mean_delta": 0.013552517764149785,
    "n_instances": 21,
    "deltas": [
      0.0,
      0.1875,
      -0.04666666666666669,
      0.0,
      0.0,
      -0.05681818181818182,
      0.0,
      -0.023809523809523808,
      0.022058823529411763,
      0.013450292397660879,
      -0.015873015873015844,
      0.0,
      0.0,
      0.021052631578947364,
      -0.01010101010101011,
      0.023809523809523808,
      0.0,
      0.16666666666666666,
      0.0,
      0.0,
      0.003333333333333327
    ],
    "self_consistency_aj_mean": 0.535924749780391,
    "self_consistency_aj_n": 19,
    "self_consistency_aj_values": [
      1.0,
      0.12133612181338328,
      0.618431793246686,
      0.336251977015856,
      0.5838556233795398,
      0.6157774885080533,
      1.0,
      1.0,
      0.2866096400792112,
      0.6208226876311383,
      0.31669893213804173,
      0.34133283744237713,
      0.15615331250019363,
      0.569567408047218,
      0.5355543750474311,
      0.2703343805798668,
      0.6128136532592494,
      0.6249570277778638,
      0.5720729873613198
    ],
    "self_consistency_n_degenerate": 0,
    "self_consistency_n_missing": 5
  }
}