{
  "per_model": {
    "deepseek.v3-v1:0": {
      "overall": {
        "n": 150,
        "operators": [
          "mask",
          "delete"
        ],
        "strategy_flip_rate": {
          "H": {
            "mask": 0.3835616438356164,
            "delete": 0.35664335664335667
          },
          "R": {
            "mask": 0.29285714285714287,
            "delete": 0.3333333333333333
          },
          "CF": {
            "mask": 0.24719101123595505,
            "delete": 0.3258426966292135
          },
          "RO": {
            "mask": 0.35374149659863946,
            "delete": 0.34265734265734266
          }
        },
        "cc3_flip_rate": {
          "mask": 0.25874125874125875,
          "delete": 0.3120567375886525
        },
        "cc4_flip_rate": {
          "mask": 0.19166666666666668,
          "delete": 0.25833333333333336
        },
        "random_flip_rate": {
          "mask": 0.16223776223776226,
          "delete": 0.17727272727272728
        },
        "cc3_minus_random": {
          "mask": 0.09650349650349649,
          "delete": 0.1347840103159252
        },
        "cf_flip_heldout_rate": 0.8809523809523809,
        "n_cf_heldout_checked": 84,
        "random_control_match_mode": [
          "occurrences",
          "types"
        ],
        "cc3_vs_random_test": {
          "mask": {
            "n_paired": 143,
            "p_raw": 0.0007999200079992001,
            "p_holm": 0.0007999200079992001
          },
          "delete": {
            "n_paired": 141,
            "p_raw": 9.999000099990002e-05,
            "p_holm": 0.00019998000199980003
          }
        }
      },
      "by_ecs_lift_tier": {
        "low": {
          "n": 50,
          "cc3_flip_mask": 0.2,
          "random_flip_mask": 0.2177777777777778,
          "gap_mask": -0.01777777777777778,
          "cc3_flip_delete": 0.3111111111111111,
          "random_flip_delete": 0.23000000000000004,
          "gap_delete": 0.08111111111111108
        },
        "mid": {
          "n": 50,
          "cc3_flip_mask": 0.3469387755102041,
          "random_flip_mask": 0.19183673469387755,
          "gap_mask": 0.15510204081632653,
          "cc3_flip_delete": 0.32653061224489793,
          "random_flip_delete": 0.20816326530612245,
          "gap_delete": 0.11836734693877549
        },
        "high": {
          "n": 49,
          "cc3_flip_mask": 0.22448979591836735,
          "random_flip_mask": 0.08163265306122448,
          "gap_mask": 0.14285714285714285,
          "cc3_flip_delete": 0.2978723404255319,
          "random_flip_delete": 0.09795918367346938,
          "gap_delete": 0.1999131567520625
        },
        "_thresholds": {
          "low<=": 0.10475000000000001,
          "high>": 0.23620535714285895
        }
      }
    },
    "eu.amazon.nova-pro-v1:0": {
      "overall": {
        "n": 150,
        "operators": [
          "mask",
          "delete"
        ],
        "strategy_flip_rate": {
          "H": {
            "mask": 0.3793103448275862,
            "delete": 0.3561643835616438
          },
          "R": {
            "mask": 0.3308270676691729,
            "delete": 0.3382352941176471
          },
          "CF": {
            "mask": 0.39622641509433965,
            "delete": 0.43137254901960786
          },
          "RO": {
            "mask": 0.30985915492957744,
            "delete": 0.3333333333333333
          }
        },
        "cc3_flip_rate": {
          "mask": 0.2890625,
          "delete": 0.30158730158730157
        },
        "cc4_flip_rate": {
          "mask": 0.28695652173913044,
          "delete": 0.2807017543859649
        },
        "random_flip_rate": {
          "mask": 0.20153846153846153,
          "delete": 0.2064885496183206
        },
        "cc3_minus_random": {
          "mask": 0.08752403846153847,
          "delete": 0.09509875196898096
        },
        "cf_flip_heldout_rate": 0.9821428571428571,
        "n_cf_heldout_checked": 56,
        "random_control_match_mode": [
          "occurrences",
          "types"
        ],
        "cc3_vs_random_test": {
          "mask": {
            "n_paired": 128,
            "p_raw": 0.0006999300069993001,
            "p_holm": 0.0013998600139986002
          },
          "delete": {
            "n_paired": 126,
            "p_raw": 0.000999900009999,
            "p_holm": 0.0013998600139986002
          }
        }
      },
      "by_ecs_lift_tier": {
        "low": {
          "n": 48,
          "cc3_flip_mask": 0.18421052631578946,
          "random_flip_mask": 0.1842105263157895,
          "gap_mask": -2.7755575615628914e-17,
          "cc3_flip_delete": 0.23684210526315788,
          "random_flip_delete": 0.18974358974358974,
          "gap_delete": 0.047098515519568146
        },
        "mid": {
          "n": 47,
          "cc3_flip_mask": 0.3111111111111111,
          "random_flip_mask": 0.2434782608695652,
          "gap_mask": 0.06763285024154592,
          "cc3_flip_delete": 0.29545454545454547,
          "random_flip_delete": 0.24456521739130435,
          "gap_delete": 0.05088932806324112
        },
        "high": {
          "n": 46,
          "cc3_flip_mask": 0.35555555555555557,
          "random_flip_mask": 0.17391304347826086,
          "gap_mask": 0.1816425120772947,
          "cc3_flip_delete": 0.36363636363636365,
          "random_flip_delete": 0.1826086956521739,
          "gap_delete": 0.18102766798418973
        },
        "_thresholds": {
          "low<=": 0.09432500000000466,
          "high>": 0.22933055555555507
        }
      }
    },
    "qwen.qwen3-235b-a22b-2507-v1:0": {
      "overall": {
        "n": 150,
        "operators": [
          "mask",
          "delete"
        ],
        "strategy_flip_rate": {
          "H": {
            "mask": 0.3469387755102041,
            "delete": 0.4217687074829932
          },
          "R": {
            "mask": 0.30985915492957744,
            "delete": 0.3028169014084507
          },
          "CF": {
            "mask": 0.2698412698412698,
            "delete": 0.31746031746031744
          },
          "RO": {
            "mask": 0.28859060402684567,
            "delete": 0.30201342281879195
          }
        },
        "cc3_flip_rate": {
          "mask": 0.27205882352941174,
          "delete": 0.3014705882352941
        },
        "cc4_flip_rate": {
          "mask": 0.1885245901639344,
          "delete": 0.21311475409836064
        },
        "random_flip_rate": {
          "mask": 0.14411764705882354,
          "delete": 0.14705882352941177
        },
        "cc3_minus_random": {
          "mask": 0.1279411764705882,
          "delete": 0.15441176470588233
        },
        "cf_flip_heldout_rate": 0.96875,
        "n_cf_heldout_checked": 64,
        "random_control_match_mode": [
          "occurrences",
          "types"
        ],
        "cc3_vs_random_test": {
          "mask": {
            "n_paired": 136,
            "p_raw": 9.999000099990002e-05,
            "p_holm": 0.00019998000199980003
          },
          "delete": {
            "n_paired": 136,
            "p_raw": 9.999000099990002e-05,
            "p_holm": 0.00019998000199980003
          }
        }
      },
      "by_ecs_lift_tier": {
        "low": {
          "n": 49,
          "cc3_flip_mask": 0.275,
          "random_flip_mask": 0.17,
          "gap_mask": 0.10500000000000001,
          "cc3_flip_delete": 0.3,
          "random_flip_delete": 0.175,
          "gap_delete": 0.125
        },
        "mid": {
          "n": 48,
          "cc3_flip_mask": 0.2708333333333333,
          "random_flip_mask": 0.15416666666666667,
          "gap_mask": 0.11666666666666664,
          "cc3_flip_delete": 0.2708333333333333,
          "random_flip_delete": 0.1375,
          "gap_delete": 0.1333333333333333
        },
        "high": {
          "n": 48,
          "cc3_flip_mask": 0.2708333333333333,
          "random_flip_mask": 0.1125,
          "gap_mask": 0.15833333333333333,