{
  "H_alt": {
    "mean_delta": 0.008365429015429013,
    "n_instances": 50,
    "deltas": [
      -0.06666666666666668,
      0.0,
      0.0,
      0.0,
      0.033333333333333326,
      0.0,
      -0.0525252525252525,
      0.016666666666666635,
      0.0,
      -0.03166666666666673,
      0.0,
      -0.07063492063492066,
      0.0982142857142857,
      0.0,
      0.0,
      -0.06923076923076926,
      0.08000000000000007,
      0.0,
      0.0,
      0.0,
      0.08333333333333326,
      0.0,
      0.02857142857142858,
      -0.06666666666666667,
      0.015384615384615385,
      -0.0033333333333332993,
      0.0,
      0.026666666666666672,
      -0.03611111111111115,
      0.0,
      0.0,
      0.0032539682539682313,
      0.031111111111111145,
      0.15000000000000002,
      0.0,
      0.0,
      0.0,
      0.0,
      0.026666666666666672,
      0.0,
      -0.009658119658119663,
      0.06444444444444447,
      0.04666666666666669,
      0.042857142857142844,
      0.0,
      0.0611111111111111,
      0.0,
      0.016483516483516508,
      0.0,
      0.0
    ],
    "self_consistency_aj_mean": 0.5487512521534056,
    "self_consistency_aj_n": 49,
    "self_consistency_aj_values": [
      0.07407407407407395,
      0.5997827254627182,
      1.0,
      0.7276741307085618,
      1.0,
      0.26340700735930295,
      0.32530120481927705,
      1.0,
      0.31034936050774586,
      0.18189344576466077,
      0.36567618316188893,
      0.48686124309124396,
      0.4658894295985472,
      1.0,
      0.027443143602271493,
      0.48810754912099275,
      1.0,
      0.6841591619548595,
      1.0,
      0.18189344576466077,
      1.0,
      0.4142940151074958,
      0.2827868852459017,
      0.8027433219129104,
      0.07407407407407395,
      0.29961976955975667,
      0.44700460829493094,
      0.17080466646724513,
      1.0,
      0.4880130028443723,
      0.23405904496015,
      0.23405904496015,
      0.307909604519774,
      1.0,
      1.0,
      1.0,
      0.5683460830504754,
      0.5141660021822859,
      0.1857199827190855,
      0.6835705979358252,
      0.5533317908375751,
      0.43214970407735115,
      0.307909604519774,
      1.0,
      0.19764059347187404,
      1.0,
      0.494020113214845,
      0.5997827254627182,
      0.4142940151074958
    ],
    "self_consistency_n_degenerate": 1,
    "self_consistency_n_missing": 0
  },
  "R_alt": {
    "mean_delta": 0.007945915195915199,
    "n_instances": 50,
    "deltas": [
      0.0,
      0.0,
      0.0,
      0.0,
      -0.020634920634920645,
      0.0,
      0.0,
      0.0,
      0.0,
      0.029444444444444384,
      0.0,
      0.0,
      0.26964285714285724,
      0.0,
      0.0,
      0.0,
      0.0,
      -0.016666666666666607,
      0.0,
      0.0,
      0.0,
      0.0,
      0.0,
      0.0,
      0.0,
      -0.03666666666666668,
      0.0,
      -0.05666666666666664,
      0.0,
      0.0,
      0.0,
      0.0,
      -0.016161616161616127,
      0.0,
      -0.05047619047619051,
      0.15666666666666668,
      0.0,
      0.008888888888888863,
      0.0,
      0.0,
      0.06620268620268621,
      0.024761904761904763,
      0.0,
      0.0,
      0.0,
      0.0,
      0.0,
      0.03896103896103896,
      0.0,
      0.0
    ],
    "self_consistency_aj_mean": 0.9698866741655499,
    "self_consistency_aj_n": 48,
    "self_consistency_aj_values": [
      1.0,
      1.0,
      1.0,
      1.0,
      1.0,
      1.0,
      1.0,
      1.0,
      1.0,
      1.0,
      1.0,
      1.0,
      0.2912588592642591,
      1.0,
      1.0,
      1.0,
      1.0,
      1.0,
      1.0,
      1.0,
      1.0,
      1.0,
      1.0,
      1.0,
      1.0,
      1.0,
      1.0,
      0.2633015006821281,
      1.0,
      1.0,
      1.0,
      1.0,
      1.0,
      1.0,
      1.0,
      1.0,
      1.0,
      1.0,
      1.0,
      1.0,
      1.0,
      1.0,
      1.0,
      1.0,
      1.0,
      1.0,
      1.0,
      1.0
    ],
    "self_consistency_n_degenerate": 0,
    "self_consistency_n_missing": 2
  },
  "CF_alt": {
    "mean_delta": -0.003015935311853679,
    "n_instances": 49,
    "deltas": [
      0.21666666666666662,
      0.0,
      -0.15206349206349212,
      0.1133333333333334,
      0.0,
      0.0,
      0.0188888888888889,
      0.0,
      0.0,
      -0.007500000000000062,
      -0.06634920634920635,
      0.0,
      -0.16964285714285715,
      0.31000000000000005,
      -0.038571428571428534,
      0.06103174603174599,
      -0.03428571428571425,
      -0.3314285714285714,
      0.0,
      -0.0412698412698414,
      -0.13126984126984137,
      -0.016666666666666607,
      -0.06777777777777771,
      0.06666666666666665,
      0.25357142857142856,
      -0.010000000000000009,
      0.0,
      0.2544444444444444,
      0.0,
      0.0,
      -0.06666666666666665,
      0.0,
      -0.0222222222222222,
      0.0,
      0.07428571428571434,
      -0.04000000000000001,
      0.0,
      0.08777777777777773,
      -0.019826839826839804,
      -0.181031746031746,
      -0.08251748251748252,
      -0.011111111111111044,
      0.040000000000000036,
      0.14015873015873012,
      -0.1866666666666667,
      -0.1333333333333333,
      0.0,
      -0.0071428571428571175,
      0.03273809523809523
    ],
    "self_consistency_aj_mean": 0.4568501415891705,
    "self_consistency_aj_n": 41,
    "self_consistency_aj_values": [
      1.0,
      0.270516717325228,
      0.19617224880382772,
      1.0,
      0.45751809166443314,
      1.0,
      1.0,
      1.0,
      0.23611111111111108,
      1.0,
      -0.250526315789474,
      1.0,
      0.08163265306122451,
      1.0,
      0.22604422604422605,
      -0.31249999999999994,
      -0.43101182654402104,
      0.1587057010785824,
      1.0,
      0.22413793103448276,
      -0.16666666666666666,
      1.0,
      1.0,
      0.14684591520165458,
      -0.11111111111111112,
      1.0,
      -0.20000000000000004,
      1.0,
      -0.16379310344827583,
      -0.30000000000000004,
      1.0,
      1.0,
      0.4965150535316519,
      1.0,
      0.19766170966780386,
      -0.3043478260869569,
      -0.3333333333333333,
      -0.3877153703883966,
      1.0,
      1.0,
      1.0
    ],
    "self_consistency_n_degenerate": 1,
    "self_consistency_n_missing": 8
  },
  "RO_alt": {
    "mean_delta": 0.008766378066378068,
    "n_instances": 50,
    "deltas": [
      0.0222222222222222,
      0.0,
      0.05333333333333329,
      0.0,
      0.06785714285714284,
      -0.04158730158730162,
      0.08333333333333337,
      0.0,
      0.0,
      0.0,
      0.015555555555555572,
      -0.0438095238095238,
      0.0,
      0.0,
      0.0,
      0.031666666666666676,
      0.03333333333333338,
      0.08333333333333337,
      0.036111111111111094,
      -0.007777777777777883,
      -0.06000000000000005,
      0.061111111111111116,
      0.018333333333333368,
      0.0,
      -0.0357142857142857,
      0.0,
      0.0,
      0.0,
      0.008333333333333304,
      0.0,
      0.023333333333333373,
      -0.018333333333333368,
      0.0,
      0.0,
      -0.08000000000000002,
      0.0,
      -0.019999999999999962,
      0.0,
      -0.03809523809523807,
      0.09047619047619054,
      -0.011363636363636354,
      0.07111111111111112,
      -0.10555555555555551,
      0.0,
      0.0,
      0.0,
      0.1833333333333334,
      0.01777777777777778,
      0.0,
      0.0
    ],
    "self_consistency_aj_mean": 0.7883581297935315,
    "self_consistency_aj_n": 46,