{
  "H_alt": {
    "mean_delta": -0.005005892357214035,
    "n_instances": 48,
    "deltas": [
      -0.08333333333333331,
      0.0,
      0.0,
      0.0,
      0.0,
      0.0,
      0.0,
      -0.01375863902179697,
      0.0,
      -0.039999999999999994,
      0.0,
      -0.025757575757575757,
      0.0111111111111111,
      0.026666666666666672,
      0.0,
      -0.05559947299077733,
      -0.06818181818181812,
      -0.013333333333333336,
      0.0,
      0.027777777777777735,
      0.056565656565656625,
      0.013970588235294124,
      0.0388235294117647,
      0.0,
      0.0,
      0.02190476190476187,
      0.0,
      -0.1166666666666667,
      0.013333333333333336,
      0.0,
      -0.054487179487179516,
      -0.1071428571428571,
      0.0,
      0.0,
      0.053015873015873016,
      -0.08015873015873015,
      0.0,
      0.014705882352941207,
      -0.0763888888888889,
      -0.02087912087912086,
      -0.0036297036297036345,
      0.03216374269005845,
      0.0,
      0.10461538461538461,
      0.0,
      0.0,
      0.013970588235294124,
      0.0904095904095904
    ],
    "self_consistency_aj_mean": 0.5410067339624345,
    "self_consistency_aj_n": 48,
    "self_consistency_aj_values": [
      0.41800987406535217,
      0.43745884077480035,
      1.0,
      0.6835705979358252,
      0.5756933510960397,
      0.7283773243674084,
      1.0,
      0.2405694350459805,
      0.7283773243674084,
      0.5838556233795398,
      0.722618688202364,
      0.6835705979358252,
      0.11891388878469776,
      1.0,
      0.26031007766113273,
      0.7256568278372748,
      0.353622777500056,
      0.3266122137824019,
      0.19764059347187404,
      0.5061822901070947,
      0.47966078442609106,
      0.5061822901070947,
      0.5411057804198051,
      1.0,
      0.6306415871428892,
      1.0,
      0.5222379768452814,
      0.5061822901070947,
      0.46014953135340947,
      0.43745884077480035,
      0.40488861244606955,
      0.2726171733074967,
      0.4945667207502652,
      0.7153371011970592,
      0.2510923575805007,
      0.6123296834841391,
      1.0,
      0.6879551489918753,
      0.1795479681852579,
      0.37178566382774714,
      0.3875938201584977,
      0.3266122137824019,
      0.647209399870824,
      0.23940660544154682,
      0.44525359820777827,
      0.7445532652024459,
      0.44723830710951923,
      0.36567618316188893
    ],
    "self_consistency_n_degenerate": 0,
    "self_consistency_n_missing": 1
  },
  "R_alt": {
    "mean_delta": -0.02020022543832589,
    "n_instances": 48,
    "deltas": [
      0.0,
      -0.01460317460317459,
      -0.010793650793650772,
      -0.11249999999999999,
      -0.32,
      0.05076923076923073,
      -0.013571428571428568,
      0.0,
      0.0,
      0.009999999999999995,
      0.006493506493506496,
      0.0,
      -0.057380952380952394,
      -0.062235255783642876,
      0.0,
      -0.003843402973837756,
      -0.36111111111111105,
      0.0,
      0.0,
      0.0,
      0.0,
      0.0,
      0.0,
      0.0,
      0.0,
      0.0,
      -0.04393939393939392,
      0.00833333333333336,
      0.0,
      0.0,
      -0.0357142857142857,
      0.0,
      0.0,
      0.0,
      0.0,
      0.0,
      0.06675324675324673,
      0.0,
      0.0,
      0.0,
      0.0,
      0.0,
      0.0,
      -0.05751748251748251,
      -0.018749999999999996,
      0.0,
      0.0,
      0.0
    ],
    "self_consistency_aj_mean": 0.9596363571063737,
    "self_consistency_aj_n": 44,
    "self_consistency_aj_values": [
      1.0,
      0.6527261430815138,
      1.0,
      1.0,
      1.0,
      1.0,
      1.0,
      1.0,
      1.0,
      1.0,
      1.0,
      1.0,
      1.0,
      1.0,
      1.0,
      1.0,
      1.0,
      1.0,
      1.0,
      1.0,
      1.0,
      1.0,
      1.0,
      1.0,
      1.0,
      0.14147153480504338,
      1.0,
      1.0,
      1.0,
      1.0,
      1.0,
      1.0,
      1.0,
      1.0,
      1.0,
      1.0,
      1.0,
      1.0,
      1.0,
      1.0,
      0.42980203479388474,
      1.0,
      1.0,
      1.0
    ],
    "self_consistency_n_degenerate": 0,
    "self_consistency_n_missing": 5
  },
  "CF_alt": {
    "mean_delta": -0.005520805172800093,
    "n_instances": 48,
    "deltas": [
      -0.1211688311688312,
      0.10029304029304034,
      0.014913419913419934,
      0.0,
      0.12380952380952376,
      0.022503770739064788,
      -0.011904761904761862,
      0.017208367827562854,
      -0.048888888888888926,
      0.02776942355889725,
      -0.06798418972332015,
      -0.27980769230769237,
      0.0760897435897436,
      0.04551490176490178,
      -0.06634615384615383,
      -0.004841897233201553,
      -0.10644355644355641,
      0.08519607843137254,
      -0.02822546230440967,
      -0.036548451548451544,
      0.11898698358800228,
      0.28613445378151253,
      -0.020623931623931585,
      -0.010185159043854752,
      -0.10076923076923072,
      -0.11067669172932333,
      0.00883838383838384,
      -0.17961538461538462,
      0.15488041370394312,
      -0.038846153846153864,
      -0.0895614035087719,
      0.0,
      0.026111111111111113,
      0.007584806497849969,
      -0.008119658119658119,
      0.02619047619047621,
      -0.05205128205128204,
      0.025668449197860932,
      -0.1875,
      0.09334795321637435,
      0.00611087836894289,
      -0.029840225563909778,
      0.057264957264957256,
      0.08849145745697468,
      -0.059027777777777776,
      0.019167717913695953,
      0.02965240641711231,
      -0.06775058275058274
    ],
    "self_consistency_aj_mean": 0.02361196126510713,
    "self_consistency_aj_n": 32,
    "self_consistency_aj_values": [
      -0.03227947986430906,
      0.630183543294494,
      -0.06978438710959489,
      0.1364434918285876,
      1.0,
      0.09381415112595008,
      -0.3059242347190461,
      -0.25885405867819244,
      -0.14534649776865124,
      -0.19753712302692328,
      -0.12625289080229513,
      0.46886920068349586,
      -0.20159860541774274,
      -0.04513880006649153,
      -0.45417228964678935,
      0.037663055412509756,
      -0.22138888437027845,
      -0.14733762876723308,
      1.0,
      0.28706640994148114,
      -0.5363294948362916,
      0.07524932003626471,
      0.0032775693107873374,
      -0.700355437260357,
      1.0,
      0.19275238972286032,
      -0.1385058958341035,
      -0.219675003639928,
      -0.4672199170124481,
      0.10351056258087958,
      -0.09370909377312298,
      0.08816278913991611
    ],
    "self_consistency_n_degenerate": 3,
    "self_consistency_n_missing": 14
  },
  "RO_alt": {
    "mean_delta": 0.007750923149199122,
    "n_instances": 48,
    "deltas": [
      0.07142857142857145,
      0.039285714285714285,
      0.030555555555555586,
      -0.14999999999999997,
      -0.08000000000000002,
      0.0,
      0.029365079365079372,
      0.013235294117647012,
      0.08333333333333326,
      0.015238095238095245,
      0.0,
      0.0,
      0.0,
      0.0,
      -0.024999999999999994,
      0.0,
      0.08333333333333337,
      0.05,
      0.0,
      -0.07696969696969702,
      -0.051190476190476175,
      0.0,
      -0.015833333333333338,
      0.0,
      0.08333333333333331,
      0.013450292397660796,
      0.022727272727272735,
      0.08928571428571425,
      0.0,
      0.0,
      0.08333333333333337,
      -0.02380952380952378,
      0.0,
      0.0,
      0.0,
      0.0,
      0.0,
      -0.040098039215686276,
      0.0892857142857143,
      -0.020238095238095277,
      -0.027777777777777818,
      -0.045238095238095244,
      0.0,
      0.020000000000000018,
      0.035416666666666666,
      -0.015836526181353755,
      0.0,
      0.09142857142857141
    ],
    "self_consistency_aj_mean": 0.6801834412243187,
    "self_consistency_aj_n": 49,