{
  "H_alt": {
    "mean_delta": -0.00160248288003706,
    "n_instances": 50,
    "deltas": [
      0.02888888888888888,
      0.0,
      -0.17142857142857137,
      -0.032142857142857084,
      0.02181818181818182,
      0.0,
      0.03749999999999998,
      -0.022222222222222227,
      0.05595238095238092,
      0.0,
      -0.08333333333333331,
      -0.030555555555555558,
      0.0,
      0.0,
      0.01758241758241763,
      -0.08484848484848487,
      0.0,
      -0.0380952380952381,
      0.0,
      0.016176470588235292,
      0.05333333333333329,
      0.0,
      0.0,
      0.0,
      0.0,
      -0.022727272727272763,
      0.0,
      -0.047619047619047616,
      -0.019696969696969713,
      0.0,
      0.004999999999999949,
      0.012865497076023386,
      0.0,
      0.0,
      0.08121212121212124,
      0.05439560439560437,
      0.0,
      -0.020512820512820468,
      -0.042857142857142816,
      0.0,
      0.0,
      0.053333333333333344,
      0.032142857142857195,
      0.0,
      0.0,
      0.0,
      0.00952380952380949,
      0.04666666666666669,
      -0.03333333333333338,
      0.042857142857142816
    ],
    "self_consistency_aj_mean": 0.4901005975249045,
    "self_consistency_aj_n": 48,
    "self_consistency_aj_values": [
      0.08599141951128521,
      1.0,
      -0.1305241521068859,
      0.40565969886805486,
      0.32530120481927705,
      0.35384615384615387,
      0.11891388878469776,
      0.32530120481927705,
      0.5838556233795398,
      1.0,
      0.21259842519685032,
      0.35384615384615387,
      0.32530120481927705,
      0.4225859247135843,
      0.647209399870824,
      0.042958129418162024,
      1.0,
      0.12070343725019984,
      1.0,
      0.4705027493143157,
      -0.3333333333333333,
      1.0,
      0.37434827945776855,
      1.0,
      1.0,
      0.532510540436949,
      1.0,
      0.21259842519685032,
      0.5374282098705344,
      1.0,
      -0.07951807228915664,
      0.06367515260396468,
      1.0,
      0.2827868852459017,
      0.32157694609724324,
      1.0,
      0.3793540215326156,
      0.21259842519685032,
      0.5374282098705344,
      1.0,
      0.2827868852459017,
      0.2827868852459017,
      1.0,
      0.35384615384615387,
      0.5657401382045799,
      0.2827868852459017,
      0.4515948517067711,
      0.5997827254627182
    ],
    "self_consistency_n_degenerate": 2,
    "self_consistency_n_missing": 0
  },
  "R_alt": {
    "mean_delta": 0.0051762391203567645,
    "n_instances": 50,
    "deltas": [
      0.0,
      0.0,
      -0.1253391053391053,
      0.0,
      0.16747474747474747,
      -0.013636363636363669,
      -0.02845238095238098,
      0.06642857142857145,
      0.0,
      0.0,
      0.0,
      0.02753968253968253,
      0.0,
      0.048484848484848464,
      0.021212121212121238,
      0.0,
      0.0,
      0.0,
      -0.054285714285714326,
      -0.031190476190476213,
      0.0,
      0.12857142857142856,
      0.0,
      0.0,
      0.0,
      0.0,
      0.0,
      0.0,
      0.0,
      0.0,
      0.0,
      0.0,
      -0.19794871794871793,
      0.0,
      0.14545454545454545,
      0.0,
      0.0,
      0.10666666666666669,
      -0.09253968253968253,
      0.07954545454545459,
      0.0,
      0.0,
      0.0,
      0.0,
      0.0,
      0.0,
      0.043921568627450974,
      0.0,
      -0.041666666666666685,
      0.008571428571428508
    ],
    "self_consistency_aj_mean": 0.9409888031940129,
    "self_consistency_aj_n": 41,
    "self_consistency_aj_values": [
      1.0,
      1.0,
      1.0,
      1.0,
      1.0,
      1.0,
      1.0,
      1.0,
      1.0,
      1.0,
      1.0,
      0.5838556233795398,
      1.0,
      1.0,
      1.0,
      1.0,
      1.0,
      1.0,
      1.0,
      1.0,
      1.0,
      1.0,
      1.0,
      1.0,
      1.0,
      1.0,
      1.0,
      1.0,
      -0.13142857142857142,
      0.12811387900355886,
      1.0,
      1.0,
      1.0,
      1.0,
      1.0,
      1.0,
      1.0,
      1.0,
      1.0,
      1.0,
      1.0
    ],
    "self_consistency_n_degenerate": 4,
    "self_consistency_n_missing": 5
  },
  "CF_alt": {
    "mean_delta": -0.004868200495754671,
    "n_instances": 50,
    "deltas": [
      0.0,
      0.0,
      0.0,
      0.0,
      -0.019451659451659414,
      0.013030303030303114,
      0.026785714285714274,
      0.010555555555555568,
      0.0,
      -0.03928571428571431,
      0.0,
      0.0,
      0.0,
      0.0,
      0.0,
      0.0,
      0.0,
      0.0,
      0.006813186813186767,
      -0.010887021475256775,
      0.0566666666666667,
      0.03952380952380952,
      -0.2981818181818182,
      0.04444444444444448,
      0.021031746031746068,
      0.0,
      0.0,
      0.0,
      -0.008585858585858613,
      -0.028571428571428525,
      -0.01904761904761898,
      -0.028404344193817876,
      -0.001831501831501825,
      0.0,
      0.0854545454545455,
      -0.019230769230769218,
      -0.015277777777777779,
      0.049084249084249104,
      -0.002777777777777768,
      -0.11309523809523808,
      0.040101010101010096,
      -0.018787878787878853,
      0.0,
      0.0,
      0.0,
      0.0,
      0.0,
      -0.013484848484848488,
      0.0,
      0.0
    ],
    "self_consistency_aj_mean": 0.6349262482302281,
    "self_consistency_aj_n": 47,
    "self_consistency_aj_values": [
      1.0,
      1.0,
      1.0,
      1.0,
      0.08045977011494206,
      0.2936916542263057,
      0.4919260020712134,
      1.0,
      0.5648263536480391,
      -0.05660377358490586,
      1.0,
      1.0,
      -0.011361397323295816,
      1.0,
      1.0,
      1.0,
      1.0,
      1.0,
      1.0,
      0.6178540895290897,
      1.0,
      1.0,
      0.16895604395604366,
      0.23469387755102036,
      1.0,
      1.0,
      1.0,
      1.0,
      1.0,
      0.512660824165579,
      1.0,
      0.29228162807207253,
      0.1666666666666666,
      0.5177249238154209,
      0.3309166871467191,
      -0.41068447412353937,
      0.03872889771598806,
      -0.012185038242804891,
      -0.12665845126884637,
      -0.11583499853276144,
      1.0,
      0.5623194542629429,
      1.0,
      0.7216309436600179,
      -0.02047601670518584,
      1.0,
      1.0
    ],
    "self_consistency_n_degenerate": 1,
    "self_consistency_n_missing": 2
  },
  "RO_alt": {
    "mean_delta": 0.0017117963735610797,
    "n_instances": 50,
    "deltas": [
      0.020000000000000018,
      0.0,
      -0.017402597402597364,
      -0.0033333333333332993,
      -0.01545454545454547,
      -0.04545454545454547,
      0.0,
      0.021904761904761927,
      0.0,
      0.0,
      -0.09333333333333332,
      0.0,
      0.0404761904761905,
      -0.033333333333333354,
      0.0,
      0.04363636363636364,
      0.030000000000000138,
      -0.015128205128205119,
      0.017142857142857126,
      0.0,
      0.0,
      -0.004761904761904745,
      0.0,
      0.0,
      0.011111111111111127,
      -0.023030303030303068,
      0.004999999999999949,
      0.0,
      0.0,
      -0.004761904761904634,
      0.008571428571428508,
      -0.00784313725490196,
      0.0,
      0.0,
      0.0,
      -0.060439560439560475,
      0.08928571428571425,
      0.0,
      0.024285714285714244,
      0.041666666666666685,
      -0.015833333333333324,
      0.005714285714285672,
      0.0,
      -0.010714285714285787,
      0.0,
      -0.03714285714285709,
      0.05047619047619048,
      0.0,
      0.07499999999999996,
      -0.010714285714285732
    ],
    "self_consistency_aj_mean": 0.7780853314263139,
    "self_consistency_aj_n": 45,