{
  "H_alt": {
    "mean_delta": 0.005265856365856362,
    "n_instances": 50,
    "deltas": [
      0.0,
      0.0,
      0.0,
      0.0,
      -0.031111111111111117,
      0.0,
      -0.05252525252525253,
      0.0,
      0.0,
      0.0,
      0.0,
      0.0,
      0.0,
      0.0,
      0.03809523809523807,
      0.036111111111111094,
      0.0,
      0.0,
      0.0,
      0.0,
      0.14682539682539686,
      0.0,
      0.0,
      0.0,
      0.0,
      0.0,
      0.0,
      0.0,
      0.0,
      -0.011904761904761973,
      0.0,
      0.028888888888888853,
      0.049494949494949564,
      0.0,
      0.0,
      0.0,
      0.0,
      0.0,
      0.05939393939393933,
      0.0,
      0.0,
      -0.03111111111111109,
      0.019230769230769218,
      -0.035714285714285754,
      0.0,
      0.0,
      0.0,
      0.0,
      0.04761904761904756,
      0.0
    ],
    "mean_delta_aj": 0.012285683556984171,
    "n_instances_aj": 50,
    "deltas_aj": [
      0.0,
      0.0,
      0.0,
      0.0,
      -0.06733124939515583,
      0.0,
      -0.09857625399335193,
      0.0,
      0.0,
      0.0,
      0.0,
      0.0,
      0.0,
      0.0,
      0.2173913043478261,
      0.04691335561450383,
      0.0,
      0.0,
      0.0,
      0.0,
      0.30436733472928507,
      0.0,
      0.0,
      0.0,
      0.0,
      0.0,
      0.0,
      0.0,
      0.0,
      -0.024678432545617718,
      0.0,
      0.04683793698492414,
      0.12617719262303323,
      0.0,
      0.0,
      0.0,
      0.0,
      0.0,
      0.13811079256612535,
      0.0,
      0.0,
      -0.0827527722539686,
      0.02520849690239868,
      -0.10310965630114566,
      0.0,
      0.0,
      0.0,
      0.0,
      0.08572612857035189,
      0.0
    ],
    "self_consistency_aj_mean": 0.6797604150888537,
    "self_consistency_aj_n": 49,
    "self_consistency_aj_values": [
      1.0,
      0.5997827254627182,
      1.0,
      0.5048620558337485,
      0.722618688202364,
      0.45983180539682217,
      1.0,
      1.0,
      0.612071515285607,
      0.532510540436949,
      0.6375292475210794,
      1.0,
      0.4658894295985472,
      0.2679738562091503,
      0.6656835806132808,
      1.0,
      1.0,
      0.42095846358390887,
      1.0,
      0.18189344576466077,
      1.0,
      0.4142940151074958,
      1.0,
      0.8027433219129104,
      1.0,
      1.0,
      1.0,
      0.5163027221058929,
      0.532510540436949,
      0.4880130028443723,
      0.23405904496015,
      0.23405904496015,
      1.0,
      1.0,
      1.0,
      1.0,
      0.5683460830504754,
      0.7327913012002574,
      1.0,
      1.0,
      0.5533317908375751,
      0.43214970407735115,
      -0.15348399246704325,
      0.22631578947368444,
      0.19764059347187404,
      1.0,
      0.7217110622681648,
      0.32157694609724324,
      0.4142940151074958
    ],
    "self_consistency_n_degenerate": 1,
    "self_consistency_n_missing": 0
  },
  "R_alt": {
    "mean_delta": -0.009403030303030309,
    "n_instances": 50,
    "deltas": [
      0.0,
      0.0,
      -0.05681818181818182,
      0.0,
      -0.048412698412698435,
      0.0,
      0.0,
      -0.18,
      0.0,
      0.04087301587301584,
      -0.05047619047619051,
      0.022857142857142854,
      0.10452380952380953,
      0.0,
      0.15238095238095234,
      -0.037510822510822495,
      -0.09874458874458877,
      0.0,
      -0.005555555555555536,
      0.245,
      0.0,
      0.0,
      0.0,
      0.0,
      0.0,
      -0.0966666666666667,
      0.0,
      0.02777777777777779,
      0.0,
      0.0,
      0.0,
      0.0,
      -0.03939393939393937,
      0.09999999999999998,
      0.042857142857142816,
      -0.25,
      -0.07999999999999999,
      -0.012222222222222245,
      0.0,
      0.0,
      -0.0716450216450217,
      -0.02585858585858586,
      -0.0031746031746031633,
      0.0,
      0.0,
      0.0,
      -0.07738095238095244,
      -0.008513708513708501,
      -0.06404761904761902,
      0.0
    ],
    "mean_delta_aj": 0.016713742832220248,
    "n_instances_aj": 50,
    "deltas_aj": [
      0.0,
      0.0,
      0.002340108197308427,
      0.0,
      -0.09952922602597691,
      0.0,
      0.0,
      -0.16897711921260525,
      0.0,
      0.07305848256696623,
      -0.00962604851248125,
      -0.1255928616098417,
      0.32227906471870005,
      0.0,
      0.2949315198364246,
      -0.0808098553095109,
      -0.35425280604017295,
      0.0,
      0.025867915010466147,
      0.3623188405797102,
      0.0,
      0.0,
      0.0,
      0.0,
      0.0,
      0.42089249492900627,
      0.0,
      0.05151178000682241,
      0.0,
      0.0,
      0.0,
      0.0,
      -0.11778896412697593,
      0.38181818181818183,
      0.104617648785471,
      0.0,
      0.044444444444444425,
      0.30366161616161624,
      0.0,
      0.0,
      -0.2037974388366538,
      -0.03156054597638486,
      -0.06477503329456871,
      0.0,
      0.0,
      0.0,
      -0.18014347764410235,
      -0.06532186315408499,
      -0.0498797157007459,
      0.0
    ],
    "self_consistency_aj_mean": 0.9227081737816399,
    "self_consistency_aj_n": 46,
    "self_consistency_aj_values": [
      1.0,
      1.0,
      1.0,
      1.0,
      1.0,
      1.0,
      1.0,
      1.0,
      1.0,
      1.0,
      0.46415014761703904,
      1.0,
      0.32907348242811507,
      1.0,
      1.0,
      1.0,
      1.0,
      1.0,
      1.0,
      1.0,
      1.0,
      1.0,
      1.0,
      1.0,
      1.0,
      0.2633015006821281,
      1.0,
      1.0,
      1.0,
      1.0,
      1.0,
      0.16,
      1.0,
      1.0,
      1.0,
      1.0,
      1.0,
      1.0,
      1.0,
      1.0,
      1.0,
      1.0,
      1.0,
      1.0,
      0.2280508632281611,
      1.0
    ],
    "self_consistency_n_degenerate": 1,
    "self_consistency_n_missing": 3
  },
  "CF_alt": {
    "mean_delta": -0.016229109779109782,
    "n_instances": 50,
    "deltas": [
      0.0,
      0.0,
      0.32559523809523805,
      0.12222222222222223,
      0.0,
      0.0,
      0.06619047619047619,
      0.0,
      0.10190476190476189,
      -0.007500000000000062,
      -0.14000000000000004,
      0.0,
      0.0,
      0.31000000000000005,
      -0.07500000000000001,
      0.0,
      0.0,
      -0.3480952380952381,
      0.0,
      -0.01190476190476189,
      -0.11507936507936506,
      0.0,
      0.056349206349206316,
      -0.1014285714285714,
      0.0333333333333333,
      0.0,
      -0.2833333333333333,
      0.0,
      0.0,
      0.0,
      -0.45,
      0.0,
      -0.038246753246753196,
      0.08833333333333337,
      0.06904761904761908,
      0.0,
      0.09714285714285709,
      0.039466089466089455,
      -0.013874458874458928,
      -0.19174603174603178,
      -0.12427572427572431,
      0.0,
      0.0005150405150405324,
      0.15404761904761904,
      -0.17999999999999994,
      -0.1736111111111111,
      0.0,
      -0.04888888888888887,
      -0.03214285714285714,
      0.05952380952380951
    ],
    "mean_delta_aj": -0.01619284090353715,
    "n_instances_aj": 50,