{
  "H_alt": {
    "mean_delta": 0.007623063036723845,
    "n_instances": 50,
    "deltas": [
      0.0,
      -0.00467571644042232,
      0.006628787878787873,
      0.018768237087168745,
      0.015204678362573165,
      0.0062859878630121685,
      0.00677361853832445,
      0.016031818339992475,
      -0.009692307692307695,
      0.007586206896551706,
      0.004192872117400423,
      -0.003649281934996196,
      0.016885590599876307,
      0.0,
      0.005624483043837891,
      0.028348195286058815,
      0.007589325289691973,
      0.0,
      0.0177906976744186,
      0.0,
      0.003871748336358144,
      -0.0041242937853107065,
      0.0,
      0.0,
      0.0,
      0.012949096880131364,
      0.01637645107794361,
      0.006984126984127009,
      0.007936381357433984,
      0.03570767195767194,
      0.018436940157281673,
      0.005919661733615245,
      0.0,
      -0.013311733556298777,
      0.007142857142857145,
      0.010845670785154249,
      0.0,
      0.012715855572998425,
      -0.007563025210084062,
      0.0,
      0.0321085618998333,
      0.08783643892339543,
      -0.028787878787878807,
      -0.003913273400317288,
      0.0,
      0.017582417582417603,
      -0.004761904761904759,
      0.009379070777247075,
      0.01146245059288542,
      0.006666666666666682
    ],
    "mean_delta_aj": 0.026805741359583753,
    "n_instances_aj": 50,
    "deltas_aj": [
      0.0,
      -0.014111824957879437,
      0.0,
      0.019139803372535645,
      0.03242380843295245,
      0.17327134179756107,
      0.018426667703511646,
      0.031081566102286354,
      -0.010587951529774486,
      0.056228767693867365,
      0.013311247597596262,
      -0.029979154423427905,
      0.09933851725087851,
      0.0,
      0.015162771073645692,
      0.04529681825947378,
      0.038913195964039686,
      0.0,
      0.031318935386978525,
      0.0,
      0.013369591768915057,
      -0.028358043954198955,
      0.0,
      0.0,
      0.0,
      0.03487060854341861,
      0.11487999475693757,
      0.03160290013342565,
      0.022898143752354112,
      0.16548828038915964,
      0.07394254188259244,
      0.007175237893325526,
      0.0,
      -0.028468934793745737,
      0.016094366018253592,
      0.042545926208750945,
      0.0,
      0.0013426279829050758,
      -0.008423454185551127,
      0.0,
      0.11889023008207072,
      0.19585836392808326,
      -0.04010865171959738,
      -0.00974209476836324,
      0.0,
      0.03090761549734386,
      -0.011728915523154896,
      0.011301306832536356,
      0.027628446370924764,
      0.03908647115855668
    ],
    "self_consistency_aj_mean": 0.5583033476337376,
    "self_consistency_aj_n": 48,
    "self_consistency_aj_values": [
      0.8725452335799764,
      0.7686823422280493,
      0.6878738752821429,
      0.42833625281748455,
      0.5510824342564473,
      0.21204888349595613,
      0.5445273217092246,
      0.40781321447976604,
      0.4592208641029946,
      0.37914471988265913,
      0.6748842977964882,
      0.7982906710426564,
      0.41829486247548436,
      0.3161973579957537,
      0.5684662097692654,
      0.41861079322333616,
      0.537084899482867,
      0.4401678881449646,
      0.6121587009992615,
      0.7959405910725105,
      0.7029703487240658,
      0.43274937422549875,
      0.7180159343898777,
      0.5800739059238569,
      0.7378688922911967,
      0.3680803781688566,
      0.1914137449358557,
      0.45941361110566775,
      0.4546005528175139,
      0.5302851382198681,
      0.4423411709592433,
      0.6390050640638626,
      0.2233980725929986,
      0.770258834125513,
      0.48246661549775444,
      0.6920194986704208,
      0.11645076342351143,
      0.6849301303748411,
      0.6628572324753614,
      0.675378427786762,
      0.6086379766682326,
      0.4833574765327299,
      0.6986839242048178,
      0.7750636857793463,
      0.709002747463315,
      0.7104422820076906,
      0.7655711879251405,
      0.5918523012283147
    ],
    "self_consistency_n_degenerate": 2,
    "self_consistency_n_missing": 0
  },
  "R_alt": {
    "mean_delta": -0.018235514826518834,
    "n_instances": 50,
    "deltas": [
      -0.00039525691699604515,
      0.01066126855600541,
      -0.0885439763488544,
      -0.00682261208576998,
      -0.26401833460656987,
      0.0,
      0.0,
      -0.0063508064516129,
      0.0,
      -0.0014323607427055851,
      0.0,
      -0.0018240044555833945,
      -0.06708410636982065,
      0.01811594202898552,
      -0.05518849673455768,
      0.004756097560975607,
      0.06598290598290599,
      -0.04499178981937603,
      0.0,
      0.07718655613392461,
      -0.011713473406837246,
      -0.08100940773555734,
      -0.0030721966205837156,
      -0.11727982162764775,
      0.005094498996938035,
      0.004081632653061232,
      -0.006818120351588915,
      -0.020074696545284765,
      -0.003367569249922188,
      -0.03676470588235295,
      -0.059554174334235155,
      0.03951576788061775,
      0.0,
      0.0,
      0.1577826086956522,
      0.0049489341254047164,
      0.0,
      0.009410256410256432,
      -0.17556521739130437,
      0.0050000000000000044,
      -0.20482051282051278,
      -0.05310559006211181,
      -0.008879854445071833,
      -0.03463203463203464,
      -0.014765420338175766,
      0.06103174603174602,
      -0.02500000000000001,
      0.0005821764442453942,
      0.01303363303363303,
      0.004114774114774122
    ],
    "mean_delta_aj": -0.022697048711029143,
    "n_instances_aj": 50,
    "deltas_aj": [
      -0.1383835876363964,
      0.003831527489901093,
      -0.2978624855872991,
      0.051957181302044735,
      -0.40926137658679057,
      0.0,
      0.0,
      -0.0031057942372920352,
      0.0,
      -0.0033000352379261577,
      0.0,
      0.20879806268537304,
      -0.13195155480895165,
      0.1826867496878572,
      -0.1370964791083622,
      0.010891315177143673,
      0.18183747007580056,
      -0.1650932125608982,
      0.0,
      0.17267248975777405,
      0.16094393180221447,
      -0.22293519356738967,
      -0.004686571823740521,
      -0.21662783571539168,
      0.025218325855775492,
      -0.0023562066626274594,
      -0.0043474517906335886,
      -0.061740523555673915,
      0.02081266859797671,
      -0.04514466195073229,
      -0.14985366813711545,
      0.04179976746058267,
      0.0,
      0.0,
      0.3550957096304459,
      0.04148544156345388,
      0.0,
      0.03828884234825916,
      -0.3373353710447121,
      0.003394580572192704,
      -0.5204169229630891,
      -0.10856185784831907,
      0.06296653543426775,
      -0.1234722485656029,
      0.004844977565893832,
      0.23543983590914855,
      -0.05411390849846643,
      0.18690846092025892,
      0.008837621605969403,
      0.004083016893619562
    ],
    "self_consistency_aj_mean": 0.8274138143519242,
    "self_consistency_aj_n": 50,
    "self_consistency_aj_values": [
      1.0,
      0.35434421118270637,
      1.0,
      1.0,
      1.0,
      1.0,
      1.0,
      0.39839623241901606,
      1.0,
      1.0,
      1.0,
      1.0,
      1.0,
      0.5103421384332183,
      0.3808157359304208,
      1.0,
      0.6633947390480913,
      0.4887774859788124,
      1.0,
      0.4863361167401258,
      1.0,
      0.5434327619428966,
      1.0,
      1.0,
      1.0,
      -0.01282051282051282,
      1.0,
      0.6973391169909128,
      1.0,
      1.0,
      0.34528030629686407,
      0.6875786003646136,
      1.0,
      1.0,
      1.0,
      1.0,
      1.0,
      1.0,
      1.0,
      1.0,
      1.0,
      1.0,
      1.0,
      0.4893106717905034,
      0.6480325102938418,
      1.0,
      0.5871603804394622,
      1.0,
      0.10297022256523948,
      1.0
    ],
    "self_consistency_n_degenerate": 0,
    "self_consistency_n_missing": 0
  },
  "CF_alt": {
    "mean_delta": 0.004085490280170696,
    "n_instances": 50,