{
  "H_alt": {
    "mean_delta": -0.00111214896214896,
    "n_instances": 50,
    "deltas": [
      0.0,
      0.0,
      -0.026666666666666672,
      0.0,
      0.0161904761904762,
      0.0,
      0.043956043956043966,
      0.0,
      0.05595238095238092,
      0.0,
      0.04999999999999999,
      0.0,
      0.0,
      -0.07222222222222219,
      0.0,
      -0.022222222222222227,
      0.04285714285714276,
      0.03809523809523807,
      0.0,
      0.0,
      0.0,
      0.0,
      0.13333333333333341,
      0.0,
      0.035714285714285754,
      0.0,
      0.0,
      -0.08333333333333331,
      0.0,
      0.0,
      -0.03785714285714281,
      0.0,
      0.0,
      0.0,
      -0.17499999999999993,
      0.0,
      0.0,
      -0.08055555555555555,
      0.030555555555555503,
      -0.06916666666666665,
      -0.03214285714285711,
      0.09142857142857141,
      -0.027857142857142914,
      0.0,
      0.0,
      0.0,
      0.0,
      0.0,
      0.03333333333333338,
      0.0
    ],
    "mean_delta_aj": -0.010354294933077808,
    "n_instances_aj": 50,
    "deltas_aj": [
      0.0,
      0.0,
      -0.0872486678156138,
      0.0,
      0.0,
      0.0,
      0.12175224890847468,
      0.0,
      0.1600282136346559,
      0.0,
      0.09722222222222225,
      0.0,
      0.0,
      -0.43501846525638627,
      0.0,
      -0.02933729035068615,
      0.0,
      0.04062638499039739,
      0.0,
      0.0,
      0.0,
      0.0,
      0.3792325056433409,
      0.0,
      0.38571428571428557,
      0.0,
      0.0,
      -0.2142857142857143,
      0.0,
      0.0,
      0.001529039682603539,
      0.0,
      0.0,
      0.0,
      -0.4359430604982206,
      0.0,
      0.0,
      -0.5406694508931065,
      0.0,
      -0.3150161821568481,
      -0.07357537869680211,
      0.2389758179231864,
      0.06857700439095786,
      0.0,
      0.0,
      0.0,
      0.0,
      0.0,
      0.11972174018936288,
      0.0
    ],
    "self_consistency_aj_mean": 0.5872005812220594,
    "self_consistency_aj_n": 47,
    "self_consistency_aj_values": [
      1.0,
      1.0,
      0.47242206235011985,
      0.40565969886805486,
      -0.07951807228915664,
      1.0,
      0.6223916666220133,
      1.0,
      0.2866096400792112,
      1.0,
      0.21259842519685032,
      1.0,
      0.4225859247135843,
      1.0,
      0.042958129418162024,
      -0.3333333333333333,
      -0.1305241521068859,
      0.5374282098705344,
      0.4705027493143157,
      1.0,
      1.0,
      -0.0010427528675703752,
      1.0,
      0.21259842519685032,
      0.532510540436949,
      1.0,
      0.21259842519685032,
      1.0,
      1.0,
      0.32530120481927705,
      1.0,
      1.0,
      0.2827868852459017,
      0.6123296834841391,
      1.0,
      0.3793540215326156,
      0.21259842519685032,
      0.2070197883494876,
      0.32157694609724324,
      0.2827868852459017,
      0.2827868852459017,
      1.0,
      0.35384615384615387,
      1.0,
      1.0,
      0.4515948517067711,
      1.0
    ],
    "self_consistency_n_degenerate": 2,
    "self_consistency_n_missing": 1
  },
  "R_alt": {
    "mean_delta": 0.0046011969111040335,
    "n_instances": 50,
    "deltas": [
      0.010000000000000009,
      0.0,
      0.005955710955710958,
      0.0,
      0.22904761904761906,
      -0.1433333333333333,
      0.0,
      0.23073593073593074,
      0.0,
      0.0,
      0.0,
      0.12266899766899764,
      -0.07099456099456103,
      -0.18333333333333332,
      0.03470418470418474,
      0.06666666666666665,
      -0.19047619047619047,
      0.0,
      0.0,
      -0.11047619047619045,
      0.0,
      0.10190476190476189,
      -0.1833333333333333,
      -0.03777777777777783,
      0.0,
      0.0,
      0.0,
      0.14833333333333348,
      0.0,
      0.0,
      0.0,
      0.024685314685314735,
      0.0,
      0.2966666666666665,
      -0.17499999999999993,
      -0.026040100250626586,
      0.25142857142857145,
      0.0,
      -0.1833333333333333,
      0.010476190476190472,
      0.0165079365079365,
      -0.016666666666666663,
      0.0,
      0.0,
      0.0,
      -0.12333333333333335,
      0.004614209320091656,
      0.11976190476190474,
      0.0,
      0.0
    ],
    "mean_delta_aj": 0.013839643964465268,
    "n_instances_aj": 50,
    "deltas_aj": [
      0.3596794162859539,
      0.0,
      0.057348689046780935,
      0.0,
      0.0,
      -0.7716852317642832,
      0.0,
      0.6722849047100797,
      0.0,
      0.0,
      0.0,
      0.3901393354769559,
      -0.6026346012612329,
      -0.24022154883399324,
      0.09218563836309401,
      -0.2972918246430027,
      0.17930327868852458,
      0.0,
      0.0,
      -0.33240371165382976,
      0.0,
      -0.07097722904897791,
      -0.17987292566656327,
      -0.05494505494505497,
      0.0,
      0.0,
      0.0,
      -0.29495798319327715,
      0.0,
      0.0,
      0.0,
      0.30762490897114103,
      0.0,
      -0.2777777777777778,
      -0.4359430604982206,
      0.2795245446602259,
      1.1688047513358901,
      0.0,
      0.3207891401118809,
      -0.08965653939620633,
      0.21515347744124463,
      0.05148425575430576,
      0.0,
      0.0,
      0.0,
      -0.12512107362019562,
      0.08087687798452396,
      0.29027154169527747,
      0.0,
      0.0
    ],
    "self_consistency_aj_mean": 0.8847636857982097,
    "self_consistency_aj_n": 38,
    "self_consistency_aj_values": [
      1.0,
      1.0,
      1.0,
      1.0,
      0.2087912087912088,
      -0.0566037735849056,
      1.0,
      1.0,
      1.0,
      1.0,
      1.0,
      1.0,
      1.0,
      0.5468165199143283,
      1.0,
      1.0,
      1.0,
      1.0,
      1.0,
      1.0,
      1.0,
      1.0,
      1.0,
      1.0,
      1.0,
      0.307909604519774,
      1.0,
      1.0,
      1.0,
      1.0,
      1.0,
      1.0,
      1.0,
      1.0,
      -0.38589349930843686,
      1.0,
      1.0,
      1.0
    ],
    "self_consistency_n_degenerate": 6,
    "self_consistency_n_missing": 6
  },
  "CF_alt": {
    "mean_delta": -0.0028309606114559666,
    "n_instances": 50,
    "deltas": [
      0.07777777777777783,
      0.0,
      -0.03843822843822842,
      0.0050000000000000044,
      0.0006637806637806443,
      0.02999999999999997,
      -0.026785714285714274,
      0.012222222222222245,
      0.0,
      0.04269841269841265,
      0.0,
      0.027972027972027913,
      -0.006701631701631683,
      0.0,
      -0.019105894105894028,
      -0.005454545454545462,
      0.0,
      -0.011355311355311343,
      0.01813186813186815,
      0.02607892107892107,
      0.046666666666666745,
      0.03444444444444439,
      -0.2378787878787878,
      -0.024999999999999994,
      0.0,
      0.0,
      0.0,
      0.035476190476190494,
      0.0,
      0.0,
      0.0,
      0.026730769230769252,
      0.0,
      -0.010000000000000064,
      0.0,
      -0.011420217209690942,
      -0.03428571428571431,
      0.0,
      -0.08333333333333331,
      -0.019070537305831414,
      0.0,
      0.0,
      0.0,
      0.0,
      0.0,
      0.0,
      0.0,
      0.0,
      0.0,
      0.0034188034188034067
    ],
    "mean_delta_aj": -0.022235949987205662,
    "n_instances_aj": 50,