{
  "H_alt": {
    "mean_delta": 0.015358555436333209,
    "n_instances": 45,
    "deltas": [
      -0.10714285714285715,
      0.07777777777777778,
      -0.026666666666666672,
      0.06363636363636371,
      -0.027777777777777818,
      0.049792429792429815,
      0.0,
      0.0,
      0.021212121212121238,
      0.023636363636363622,
      0.02952380952380952,
      0.02903947903947901,
      -0.07777777777777783,
      0.0,
      0.0,
      0.032142857142857126,
      0.0316117216117216,
      0.027272727272727226,
      -0.061111111111111116,
      0.02777777777777779,
      0.01497835497835498,
      0.024444444444444435,
      0.061111111111111116,
      0.0,
      0.0,
      0.0,
      0.02272727272727272,
      0.0,
      0.021717171717171718,
      0.0,
      0.0,
      -0.024999999999999998,
      0.029166666666666646,
      0.08015873015873015,
      0.0,
      0.0,
      0.17460317460317462,
      -0.010212454212454258,
      0.0,
      0.0,
      0.0,
      0.038461538461538436,
      0.03888888888888889,
      0.0,
      0.1071428571428571
    ],
    "mean_delta_aj": 0.051886449245616105,
    "n_instances_aj": 45,
    "deltas_aj": [
      -0.20519034398381253,
      0.09844470286440993,
      -0.09246899609708785,
      0.07942959843843178,
      -0.028024429138229112,
      0.06396000148322262,
      0.0,
      0.0,
      0.060658437752916905,
      0.038791854762409345,
      0.6388888888888888,
      0.09710821811154641,
      -0.1302093794689802,
      0.0,
      0.0,
      0.18366279069767444,
      0.08355666210703028,
      0.030188908659687957,
      -0.09704057172301003,
      0.06945493900940458,
      0.011606360877537067,
      0.09726632358845216,
      0.39869888475836424,
      0.0,
      0.0,
      0.0,
      0.07006310359254833,
      0.0,
      0.0,
      0.0,
      0.0,
      0.0,
      0.12037440282016171,
      0.1165586099449189,
      0.0,
      0.0,
      0.2628567359581708,
      -0.030475397296741646,
      0.0,
      0.0,
      0.0,
      0.06065812609847345,
      0.04177026855912791,
      0.0,
      0.29430151478720856
    ],
    "self_consistency_aj_mean": 0.5652266653475574,
    "self_consistency_aj_n": 50,
    "self_consistency_aj_values": [
      0.6726305541617605,
      0.6835705979358252,
      0.5222379768452814,
      0.6835705979358252,
      0.5756933510960397,
      0.5110791838613351,
      0.6835705979358252,
      1.0,
      0.6835705979358252,
      0.7283773243674084,
      0.2866096400792112,
      0.599898485427484,
      0.5007136387642553,
      1.0,
      0.6223916666220133,
      0.6726305541617605,
      0.26031007766113273,
      0.7256568278372748,
      0.353622777500056,
      0.5061822901070947,
      0.027443143602271493,
      0.5154896206081003,
      0.7109226580144952,
      0.5061822901070947,
      0.36902044807723205,
      1.0,
      1.0,
      0.353622777500056,
      0.7372308872649048,
      0.5061822901070947,
      0.46014953135340947,
      0.6835705979358252,
      0.40488861244606955,
      0.5756933510960397,
      0.4945667207502652,
      0.30128197566550846,
      0.44525359820777827,
      0.6123296834841391,
      0.37281671088146495,
      1.0,
      0.38466097613894346,
      0.499391700862736,
      0.7550375280633991,
      0.5061822901070947,
      0.647209399870824,
      0.11716838131608107,
      0.44525359820777827,
      0.7445532652024459,
      0.44723830710951923,
      0.36567618316188893
    ],
    "self_consistency_n_degenerate": 0,
    "self_consistency_n_missing": 0
  },
  "R_alt": {
    "mean_delta": -0.012701781595056453,
    "n_instances": 45,
    "deltas": [
      -0.10714285714285715,
      -0.11249999999999999,
      -0.054040404040404055,
      0.0,
      0.04793650793650789,
      -0.04402597402597408,
      -0.04841269841269841,
      -0.012564102564102536,
      0.0,
      0.0,
      0.0,
      0.013868538868538893,
      0.0,
      -0.21428571428571427,
      0.0,
      0.0,
      0.03393495393495394,
      0.0,
      0.0,
      0.0,
      -0.12954545454545452,
      0.0,
      0.0,
      0.0,
      -0.10714285714285718,
      0.0,
      0.0,
      0.0,
      -0.025714285714285717,
      0.22857142857142854,
      0.0,
      0.0,
      0.0,
      0.0,
      0.015238095238095245,
      0.0,
      0.0,
      -0.10533063427800277,
      0.0,
      0.07692460317460317,
      0.0,
      -0.03719780219780221,
      0.0,
      0.009848484848484884,
      0.0
    ],
    "mean_delta_aj": -0.04956800375510866,
    "n_instances_aj": 45,
    "deltas_aj": [
      -0.20519034398381253,
      -0.18209827385924698,
      0.049174966641237744,
      0.0,
      -0.28462193919160117,
      -0.012473264202848056,
      -0.053555236437343647,
      -0.011528629401731987,
      0.0,
      0.0,
      0.0,
      0.09111796864363989,
      0.0,
      -0.8469224037339556,
      0.0,
      0.0,
      0.0843490798751865,
      0.0,
      0.0,
      0.0,
      -0.06389926395824612,
      0.0,
      0.0,
      0.0,
      -0.07040748319370166,
      0.0,
      0.0,
      0.0,
      -0.0703714427061159,
      -0.7273828266925033,
      0.0,
      0.0,
      0.0,
      0.0,
      -0.07608985306945386,
      0.0,
      0.0,
      0.04896383599726173,
      0.0,
      0.3298405245715481,
      0.0,
      -0.057905126406295304,
      0.0,
      -0.17156045787190727,
      0.0
    ],
    "self_consistency_aj_mean": 0.9311367776971725,
    "self_consistency_aj_n": 44,
    "self_consistency_aj_values": [
      0.6014077104138575,
      1.0,
      1.0,
      1.0,
      1.0,
      1.0,
      0.5523719638150865,
      1.0,
      1.0,
      1.0,
      1.0,
      1.0,
      1.0,
      1.0,
      1.0,
      1.0,
      1.0,
      1.0,
      1.0,
      1.0,
      0.28176795580110503,
      1.0,
      1.0,
      1.0,
      0.5677069440739753,
      1.0,
      1.0,
      1.0,
      1.0,
      1.0,
      1.0,
      1.0,
      1.0,
      1.0,
      1.0,
      1.0,
      1.0,
      1.0,
      1.0,
      1.0,
      0.6792636445715602,
      1.0,
      0.28750000000000003,
      1.0
    ],
    "self_consistency_n_degenerate": 0,
    "self_consistency_n_missing": 6
  },
  "CF_alt": {
    "mean_delta": -0.021242025070466727,
    "n_instances": 45,
    "deltas": [
      0.0,
      -0.1291919191919192,
      -0.05204665704665706,
      -0.09848484848484845,
      0.0015873015873015817,
      -0.13952380952380955,
      0.0,
      0.07348484848484849,
      -0.05245894909688012,
      0.032063492063492016,
      -0.03235697940503433,
      -0.015191772800468434,
      0.2119444444444445,
      -0.0701298701298701,
      0.04615384615384616,
      -0.003333333333333341,
      0.06823176823176824,
      -0.04000405391709738,
      -0.09309523809523809,
      -0.01910364145658261,
      0.009803921568627444,
      -0.004891534391534391,
      -0.02976190476190474,
      0.0,
      0.0,
      -0.16239316239316237,
      0.09916666666666667,
      -0.16714285714285715,
      0.00022588522588526394,
      -0.12000000000000001,
      0.03235994397759104,
      0.034285714285714294,
      -0.0475373482726424,
      -0.04126984126984129,
      -0.012407592407592427,
      0.014705882352941207,
      -0.027777777777777762,
      -0.10997515527950313,
      -0.008755296990591077,
      -0.03908730158730159,
      -0.04952380952380951,
      -0.00971659919028342,
      0.02023809523809525,
      0.0019047619047619369,
      -0.026886446886446924
    ],
    "mean_delta_aj": -0.10329195002757693,
    "n_instances_aj": 45,