{
  "k=2": {
    "mean_delta": -0.10277777777777775,
    "n_instances": 2,
    "deltas": [
      -0.10277777777777775,
      -0.10277777777777775
    ]
  },
  "k=5": {
    "mean_delta": -0.10277777777777775,
    "n_instances": 2,
    "deltas": [
      -0.10277777777777775,
      -0.10277777777777775
    ]
  }
}