{
  "H_alt": {
    "mean_delta": 0.0,
    "n_instances": 2,
    "deltas": [
      0.0,
      0.0
    ]
  },
  "R_alt": {
    "mean_delta": 0.0,
    "n_instances": 2,
    "deltas": [
      0.0,
      0.0
    ]
  },
  "CF_alt": {
    "mean_delta": 0.0,
    "n_instances": 2,
    "deltas": [
      0.0,
      0.0
    ]
  },
  "RO_alt": {
    "mean_delta": 0.01388888888888895,
    "n_instances": 2,
    "deltas": [
      0.01388888888888895,
      0.01388888888888895
    ]
  }
}