{
  "provenance": {
    "prereg": "ECS_ROBUSTNESS_PLAN \u00a7H.3 (family (c))",
    "subset": 50,
    "seed": 42,
    "perturbation_seeds": "s1=crc32(instance_id)^42, s2=s1+1; P3 deterministic top-frequency",
    "n_permutations": 10000,
    "n_bootstrap": 1000,
    "simulator_rule": "next configured model round-robin (never the target)",
    "prompt_hashes": {
      "simulatability_predict": "ae0b84b00fcfc36d5039500b18b3740855686c0e897edae333743e661a322aec",
      "simulatability_predict_baseline": "5a8eccbf0f48aac4d8a17bb3e1b8d24e7694092e1086d318c7338ceef187a612"
    }
  },
  "per_model": {
    "eu.amazon.nova-pro-v1:0": {
      "n_instances": 200,
      "n_tested": 191,
      "sim_acc": {
        "baseline": {
          "mean": 0.8766666666666667,
          "n": 200
        },
        "H": {
          "mean": 0.8656462585034015,
          "n": 196
        },
        "R": {
          "mean": 0.8756476683937824,
          "n": 193
        },
        "CF": {
          "mean": 0.8380062305295951,
          "n": 107
        },
        "RO": {
          "mean": 0.8779461279461278,
          "n": 198
        }
      },
      "gain": {
        "H": {
          "mean": -0.008503401360544218,
          "n": 196
        },
        "R": {
          "mean": -0.0017271157167530243,
          "n": 193
        },
        "CF": {
          "mean": -0.006230529595015579,
          "n": 107
        },
        "RO": {
          "mean": -0.0008417508417508424,
          "n": 198
        }
      },
      "c1_spearman": {
        "rho": -0.011019301516040534,
        "p_value": 0.8797432545327005,
        "ci_lower": -0.15520901428948608,
        "ci_upper": 0.14355630219782536,
        "n": 191,
        "p_holm": 1.0
      },
      "c2_tercile": {
        "observed_diff": -0.026234567901234563,
        "p_value": 0.8089191080891911,
        "n_top": 63,
        "n_bottom": 63,
        "p_holm": 1.0
      },
      "red_flag": {
        "median_ecs_adj": 0.3939817773661373,
        "precision": 0.0,
        "recall": 0.0,
        "n": 191,
        "n_flagged": 95,
        "n_bad": 8
      }
    },
    "qwen.qwen3-235b-a22b-2507-v1:0": {
      "n_instances": 200,
      "n_tested": 189,
      "sim_acc": {
        "baseline": {
          "mean": 0.87,
          "n": 200
        },
        "H": {
          "mean": 0.8708551483420593,
          "n": 191
        },
        "R": {
          "mean": 0.8784722222222222,
          "n": 192
        },
        "CF": {
          "mean": 0.7957957957957958,
          "n": 111
        },
        "RO": {
          "mean": 0.8714043993231811,
          "n": 197
        }
      },
      "gain": {
        "H": {
          "mean": 0.005235602094240836,
          "n": 191
        },
        "R": {
          "mean": 0.012152777777777776,
          "n": 192
        },
        "CF": {
          "mean": -0.06906906906906907,
          "n": 111
        },
        "RO": {
          "mean": 0.003384094754653131,
          "n": 197
        }
      },
      "c1_spearman": {
        "rho": 0.005910397687580609,
        "p_value": 0.9356676547360692,
        "ci_lower": -0.14139470739987076,
        "ci_upper": 0.1722167413109778,
        "n": 189,
        "p_holm": 1.0
      },
      "c2_tercile": {
        "observed_diff": 0.011022927689594357,
        "p_value": 0.3291670832916708,
        "n_top": 63,
        "n_bottom": 63,
        "p_holm": 0.9875012498750124
      },
      "red_flag": {
        "median_ecs_adj": 0.4220307539447037,
        "precision": 0.031914893617021274,
        "recall": 0.75,
        "n": 189,
        "n_flagged": 94,
        "n_bad": 4
      }
    },
    "deepseek.v3-v1:0": {
      "n_instances": 200,
      "n_tested": 195,
      "sim_acc": {
        "baseline": {
          "mean": 0.7671691792294806,
          "n": 199
        },
        "H": {
          "mean": 0.7830820770519263,
          "n": 199
        },
        "R": {
          "mean": 0.8082901554404145,
          "n": 193
        },
        "CF": {
          "mean": 0.7617370892018779,
          "n": 142
        },
        "RO": {
          "mean": 0.7808798646362098,
          "n": 197
        }
      },
      "gain": {
        "H": {
          "mean": 0.015912897822445562,
          "n": 199
        },
        "R": {
          "mean": 0.037996545768566495,
          "n": 193
        },
        "CF": {
          "mean": 0.01995305164319249,
          "n": 142
        },
        "RO": {
          "mean": 0.012690355329949238,
          "n": 197
        }
      },
      "c1_spearman": {
        "rho": -0.015446633880664373,
        "p_value": 0.8302924542380592,
        "ci_lower": -0.1594507247183112,
        "ci_upper": 0.14565494250094585,
        "n": 195,
        "p_holm": 1.0
      },
      "c2_tercile": {
        "observed_diff": -0.0070512820512820505,
        "p_value": 0.5975402459754025,
        "n_top": 65,
        "n_bottom": 65,
        "p_holm": 1.0
      },
      "red_flag": {
        "median_ecs_adj": 0.5173543604399405,
        "precision": 0.010309278350515464,
        "recall": 1.0,
        "n": 195,
        "n_flagged": 97,
        "n_bad": 1
      }
    }
  },
  "pooled": {
    "n_instances": 600,
    "n_tested": 575,
    "sim_acc": {
      "baseline": {
        "mean": 0.8380634390651084,
        "n": 599
      },
      "H": {
        "mean": 0.8393060295790671,
        "n": 586
      },
      "R": {
        "mean": 0.8540945790080737,
        "n": 578
      },
      "CF": {
        "mean": 0.7949074074074075,
        "n": 360
      },
      "RO": {
        "mean": 0.8434684684684685,
        "n": 592
      }
    },
    "gain": {
      "H": {
        "mean": 0.004266211604095563,
        "n": 586
      },
      "R": {
        "mean": 0.016147635524798153,
        "n": 578
      },
      "CF": {
        "mean": -0.015277777777777777,
        "n": 360
      },
      "RO": {
        "mean": 0.005067567567567569,
        "n": 592
      }
    },
    "c1_spearman": {
      "rho": -0.0014569578764053817,
      "p_value": 0.9721908855525843,
      "ci_lower": -0.09105106357236674,
      "ci_upper": 0.08762903599521323,
      "n": 575
    },
    "c2_tercile": {
      "observed_diff": -0.004363001745200697,
      "p_value": 0.6136386361363864,
      "n_top": 191,
      "n_bottom": 191
    },
    "red_flag": {
      "median_ecs_adj": 0.45436507936507936,
      "precision": 0.017421602787456445,
      "recall": 0.38461538461538464,
      "n": 575,
      "n_flagged": 287,
      "n_bad": 13
    }
  }
}