{
  "H_alt": {
    "mean_delta": -0.0005884097384097372,
    "n_instances": 50,
    "deltas": [
      0.0,
      0.0,
      0.0,
      0.0,
      -0.00592592592592589,
      -0.021212121212121196,
      0.054545454545454564,
      0.04999999999999999,
      0.0,
      -0.02190476190476187,
      0.0,
      -0.0357142857142857,
      0.0,
      0.030909090909090914,
      0.0,
      -0.05252525252525253,
      0.0,
      0.0,
      0.0,
      0.0,
      0.0,
      0.0,
      0.0,
      -0.05555555555555555,
      -0.036785714285714255,
      0.0,
      0.0,
      0.0,
      0.0,
      0.0,
      -0.13095238095238104,
      0.0,
      0.033333333333333326,
      0.03214285714285717,
      0.0,
      0.0,
      0.0,
      0.0,
      0.0,
      0.0,
      0.02181818181818182,
      0.0,
      0.0,
      0.0,
      0.062222222222222234,
      0.04325396825396821,
      0.0,
      0.0029304029304029477,
      0.0,
      0.0
    ],
    "mean_delta_aj": -0.0003656006543807785,
    "n_instances_aj": 49,
    "deltas_aj": [
      0.0,
      0.0,
      0.0,
      0.0,
      -0.05294164969886406,
      -0.02933333502174665,
      0.10783014625273524,
      -0.012954317930176953,
      0.0,
      -0.04516223789622659,
      0.0,
      -0.058278703313887015,
      0.0,
      0.04105495286355618,
      0.0,
      -0.06823760816655103,
      0.0,
      0.0,
      0.0,
      0.0,
      0.0,
      0.0,
      0.0,
      -0.16228170517806761,
      -0.05761537457310517,
      0.0,
      0.0,
      0.0,
      0.0,
      0.0,
      -0.295220243673852,
      0.0,
      0.10108454937319564,
      0.08099074391498112,
      0.0,
      0.0,
      0.0,
      0.0,
      0.0,
      0.032491020045575685,
      0.0,
      0.0,
      0.0,
      0.4480729421068546,
      0.015962390213628996,
      0.0,
      -0.06337600138270855,
      0.0,
      0.0
    ],
    "self_consistency_aj_mean": 0.7863103307322408,
    "self_consistency_aj_n": 43,
    "self_consistency_aj_values": [
      1.0,
      0.5997827254627182,
      1.0,
      0.5007136387642553,
      0.6999065585537901,
      0.35384615384615387,
      1.0,
      0.7931048081523238,
      0.532510540436949,
      0.6375292475210794,
      1.0,
      0.706239186279201,
      1.0,
      0.19764059347187404,
      0.48810754912099275,
      1.0,
      0.6841591619548595,
      1.0,
      1.0,
      1.0,
      0.4142940151074958,
      0.8027433219129104,
      1.0,
      0.29961976955975667,
      0.44700460829493094,
      1.0,
      1.0,
      0.4880130028443723,
      1.0,
      0.5623194542629429,
      0.307909604519774,
      1.0,
      1.0,
      1.0,
      1.0,
      1.0,
      0.6835705979358252,
      1.0,
      1.0,
      1.0,
      1.0,
      0.6123296834841391,
      1.0
    ],
    "self_consistency_n_degenerate": 1,
    "self_consistency_n_missing": 6
  },
  "R_alt": {
    "mean_delta": 0.00988388278388278,
    "n_instances": 50,
    "deltas": [
      0.0,
      0.0,
      0.0,
      0.0,
      0.0,
      0.0,
      0.0,
      0.0,
      0.0,
      0.0,
      0.0,
      0.0,
      0.0,
      0.0,
      0.0,
      0.0,
      -0.13333333333333336,
      0.0,
      0.0,
      0.0,
      0.0,
      0.0,
      0.0,
      0.08333333333333334,
      0.0,
      0.12,
      0.0,
      -0.05555555555555558,
      0.06357142857142856,
      0.0,
      0.0,
      0.0,
      0.0,
      0.09,
      0.0,
      0.19999999999999984,
      0.0,
      0.2222222222222222,
      0.0,
      0.0,
      0.0,
      0.0,
      0.0,
      0.0,
      0.0,
      0.0,
      0.0,
      0.015384615384615358,
      -0.10666666666666663,
      -0.004761904761904745
    ],
    "mean_delta_aj": 0.022432326319364322,
    "n_instances_aj": 49,
    "deltas_aj": [
      0.0,
      0.0,
      0.0,
      0.0,
      0.0,
      0.0,
      0.0,
      0.0,
      0.0,
      0.0,
      0.0,
      0.0,
      0.0,
      0.0,
      0.0,
      0.0,
      -0.10338345864661658,
      0.0,
      0.0,
      0.0,
      0.0,
      0.0,
      0.0,
      0.03282430388186272,
      0.0,
      0.729166666666667,
      0.0,
      -0.07688978642241662,
      0.2763984445109182,
      0.0,
      0.0,
      0.0,
      0.0,
      -0.3827516151758378,
      0.0,
      0.5882984639276578,
      0.0,
      0.0,
      0.0,
      0.0,
      0.0,
      0.0,
      0.0,
      0.0,
      0.0,
      0.0,
      0.020519595323220605,
      -0.0636570697635706,
      0.078658445346967
    ],
    "self_consistency_aj_mean": 0.9739281517794488,
    "self_consistency_aj_n": 47,
    "self_consistency_aj_values": [
      1.0,
      1.0,
      1.0,
      1.0,
      1.0,
      1.0,
      1.0,
      1.0,
      1.0,
      1.0,
      1.0,
      1.0,
      1.0,
      1.0,
      1.0,
      1.0,
      1.0,
      1.0,
      1.0,
      1.0,
      1.0,
      1.0,
      1.0,
      1.0,
      0.3952691121014741,
      1.0,
      1.0,
      1.0,
      1.0,
      1.0,
      1.0,
      1.0,
      0.3793540215326156,
      1.0,
      1.0,
      1.0,
      1.0,
      1.0,
      1.0,
      1.0,
      1.0,
      1.0,
      1.0,
      1.0,
      1.0,
      1.0,
      1.0
    ],
    "self_consistency_n_degenerate": 3,
    "self_consistency_n_missing": 0
  },
  "CF_alt": {
    "mean_delta": 0.013219199319199326,
    "n_instances": 50,
    "deltas": [
      0.06333333333333338,
      0.0,
      0.018437118437118538,
      0.0,
      0.0,
      0.04776334776334776,
      -0.08008658008658004,
      -0.01976190476190476,
      0.0,
      -0.019696969696969657,
      -0.15952380952380957,
      -0.02063492063492056,
      0.0,
      0.0,
      0.2680952380952381,
      0.0,
      0.41,
      0.0,
      0.23461538461538461,
      0.0,
      -0.05380952380952392,
      -0.33333333333333326,
      -0.019999999999999962,
      0.0,
      0.1665800865800866,
      0.1833333333333333,
      -0.14523809523809517,
      0.0,
      0.0,
      0.0,
      -0.2766666666666667,
      0.0,
      0.16380952380952385,
      0.0,
      0.0,
      0.10999999999999999,
      0.0,
      0.0,
      0.025396825396825418,
      0.08444444444444443,
      0.0,
      0.0,
      0.02722222222222226,
      0.0,
      0.0,
      -0.029761904761904767,
      0.0,
      0.011680911680911676,
      0.0047619047619048005,
      0.0
    ],
    "mean_delta_aj": -0.011156421384015779,
    "n_instances_aj": 49,
    "deltas_aj": [
      -0.5598050243719536,
      0.0,
      0.031267610302793514,
      0.0,
      0.0,
      0.2337787148947531,
      -0.35021043942578844,
      -0.03746634718438666,
      0.0,
      0.09673921258077894,
      -0.5017014307558028,
      -0.05962131502185719,
      0.0,
      0.0,
      0.9450774041027987,
      0.0,
      0.0,
      0.0,
      0.583928469509789,
      0.0,
      -0.30130374225067286,
      -1.1706556881352779,
      0.05655858511422274,
      0.0,
      0.3230144011076025,
      -0.729166666666667,
      0.1563573883161512,
      0.0,
      0.0,
      0.0,
      0.20157696263284186,
      0.0,
      0.21139755118710543,
      0.0,
      0.0,
      -0.09967385093223863,
      0.07413975377689869,
      0.019122377959175874,
      0.1316400666291334,
      0.0,
      0.0,
      0.09647257467528272,
      0.0,
      0.0,
      0.12375115402082981,
      0.0,
      0.011683454654267553,
      -0.033565824536553324,
      0.0
    ],
    "self_consistency_aj_mean": 0.7678818686510196,
    "self_consistency_aj_n": 39,