{
  "H_alt": {
    "mean_delta": 0.0008825396825396828,
    "n_instances": 50,
    "deltas": [
      0.06,
      0.0,
      0.0,
      0.0,
      0.0,
      0.0,
      0.03214285714285714,
      0.0,
      0.0,
      0.0,
      0.0,
      0.07,
      0.035714285714285754,
      -0.03333333333333331,
      0.0,
      0.0,
      0.0,
      -0.02888888888888891,
      -0.04666666666666669,
      0.0,
      0.0,
      0.0,
      0.0,
      0.0,
      0.0,
      -0.04285714285714287,
      0.0,
      0.0,
      0.0,
      0.0,
      0.0,
      0.0,
      0.0,
      0.0,
      0.0,
      0.0,
      0.0,
      0.0,
      0.0,
      -0.03333333333333334,
      0.0035714285714285726,
      0.0,
      0.0,
      0.0,
      0.0,
      0.0,
      0.02777777777777779,
      0.0,
      0.0,
      0.0
    ],
    "mean_delta_aj": -0.0029124841130756906,
    "n_instances_aj": 50,
    "deltas_aj": [
      0.14550264550264552,
      0.0,
      0.0,
      0.0,
      0.0,
      0.0,
      0.07538802660753881,
      0.0,
      0.0,
      0.0,
      0.0,
      0.11182108626198081,
      0.1112966054535337,
      -0.053248136315228956,
      0.0,
      0.0,
      0.0,
      -0.26281494352736745,
      -0.13764044943820217,
      0.019272947172626842,
      0.0,
      0.0,
      0.0,
      0.0,
      0.0,
      -0.052037941345664335,
      0.0,
      0.0,
      0.0,
      0.0,
      0.0,
      0.0,
      0.0,
      0.0,
      0.0,
      0.0,
      0.0,
      0.0,
      0.0,
      -0.10151717983043282,
      -0.030545781238302025,
      0.0,
      0.0,
      0.0,
      0.0,
      0.0,
      0.028898915043087503,
      0.0,
      0.0,
      0.0
    ],
    "self_consistency_aj_mean": 0.7297047872378016,
    "self_consistency_aj_n": 48,
    "self_consistency_aj_values": [
      0.4515948517067711,
      1.0,
      0.47242206235011985,
      0.19764059347187404,
      1.0,
      1.0,
      0.3391854165885233,
      1.0,
      1.0,
      1.0,
      0.21259842519685032,
      0.35384615384615387,
      0.32530120481927705,
      0.4225859247135843,
      1.0,
      1.0,
      1.0,
      0.47242206235011985,
      0.5374282098705344,
      0.30128197566550846,
      -0.3333333333333333,
      1.0,
      1.0,
      1.0,
      1.0,
      0.532510540436949,
      1.0,
      0.21259842519685032,
      0.5374282098705344,
      1.0,
      1.0,
      1.0,
      1.0,
      1.0,
      1.0,
      1.0,
      1.0,
      1.0,
      0.5374282098705344,
      0.32157694609724324,
      0.2827868852459017,
      0.2827868852459017,
      1.0,
      1.0,
      0.5657401382045799,
      1.0,
      1.0,
      1.0
    ],
    "self_consistency_n_degenerate": 2,
    "self_consistency_n_missing": 0
  },
  "R_alt": {
    "mean_delta": -0.007808802308802309,
    "n_instances": 50,
    "deltas": [
      0.0,
      0.0,
      0.024444444444444435,
      0.0,
      0.0,
      0.0,
      0.0035714285714285726,
      0.0,
      0.0,
      0.0,
      0.0,
      0.0,
      0.0,
      -0.021904761904761885,
      0.0,
      0.0,
      0.0,
      0.028253968253968198,
      0.0,
      0.010555555555555568,
      0.0,
      0.0,
      -0.10500000000000004,
      -0.1657142857142857,
      0.0,
      0.0,
      0.0,
      -0.15666666666666668,
      -0.39999999999999997,
      0.13333333333333336,
      0.016666666666666663,
      0.11000000000000001,
      0.0,
      0.0,
      0.0566666666666667,
      0.02777777777777779,
      0.0,
      0.04,
      0.0,
      0.0,
      0.02857142857142858,
      0.08857142857142863,
      0.0,
      -0.018333333333333368,
      0.0,
      -0.003333333333333355,
      -0.01909090909090916,
      0.0,
      0.013333333333333308,
      -0.08214285714285716
    ],
    "mean_delta_aj": 0.0034353343698931386,
    "n_instances_aj": 50,
    "deltas_aj": [
      0.0,
      0.0,
      -0.1428076761704263,
      0.0,
      0.0,
      0.0,
      0.01821024906687098,
      0.0,
      0.0,
      0.0,
      0.0,
      0.0,
      0.0,
      0.14818876115834842,
      0.0,
      0.0,
      0.0,
      -0.15803108000970445,
      0.0,
      0.13699637908648593,
      0.0,
      0.0,
      -0.14006943840665154,
      -0.5320208656507588,
      0.0,
      0.0,
      0.0,
      0.14447130699377156,
      0.0,
      0.13247603144133885,
      0.088538855867555,
      0.3209271751350959,
      0.0,
      0.0,
      0.3322325774786383,
      0.04431512027082088,
      0.0,
      0.11006493506493509,
      0.0,
      0.0,
      0.05851115618033955,
      -0.1911080607031191,
      0.0,
      -0.08946647457459961,
      0.0,
      0.013320619861233396,
      -0.06682959036248011,
      0.0,
      0.03207163925230261,
      -0.08822490248533962
    ],
    "self_consistency_aj_mean": 0.9848765432098765,
    "self_consistency_aj_n": 39,
    "self_consistency_aj_values": [
      1.0,
      1.0,
      1.0,
      1.0,
      1.0,
      1.0,
      1.0,
      1.0,
      1.0,
      1.0,
      1.0,
      1.0,
      1.0,
      1.0,
      1.0,
      1.0,
      1.0,
      1.0,
      1.0,
      1.0,
      1.0,
      1.0,
      1.0,
      1.0,
      1.0,
      1.0,
      1.0,
      1.0,
      1.0,
      1.0,
      1.0,
      1.0,
      1.0,
      1.0,
      1.0,
      1.0,
      1.0,
      1.0,
      0.4101851851851852
    ],
    "self_consistency_n_degenerate": 6,
    "self_consistency_n_missing": 5
  },
  "CF_alt": {
    "mean_delta": -0.005474831291157822,
    "n_instances": 49,
    "deltas": [
      0.0,
      0.0,
      -0.03428571428571425,
      -0.07325396825396824,
      0.0,
      0.0,
      0.0,
      0.0,
      0.0,
      -0.0845238095238095,
      0.0,
      0.0,
      0.01677655677655676,
      0.0,
      0.012777777777777805,
      0.0,
      -0.13000000000000006,
      0.0,
      0.030303030303030276,
      -0.098989898989899,
      0.0,
      0.0,
      0.0,
      0.0,
      0.0,
      0.07500000000000001,
      0.0,
      0.0,
      0.0,
      0.0,
      0.05833333333333332,
      0.0,
      0.0,
      0.0,
      0.0,
      0.0,
      0.0,
      0.0,
      0.0,
      0.0,
      0.0,
      0.0,
      0.0,
      0.0,
      0.0,
      -0.04040404040404039,
      0.0,
      0.0,
      0.0
    ],
    "mean_delta_aj": 0.0063978287008667305,
    "n_instances_aj": 49,
    "deltas_aj": [
      0.0,
      0.0,
      0.13470250760807667,
      -0.05456837834059464,
      0.0,
      0.0,
      0.0,
      0.0,
      0.0,
      0.09310792387848765,
      0.0,
      0.0,
      -0.040230254470623505,
      0.0,
      0.08089338256374454,
      0.0,
      -0.4117933723196883,
      0.0,
      0.36048953289657204,
      -0.08241220246911408,
      0.0,
      0.0,
      0.0,
      0.21040975260634937,
      0.0,
      0.10227521076317103,
      0.0,
      0.0,
      0.0,
      0.0,
      0.006252019168263068,
      0.0,
      0.0,
      0.0,
      0.0,
      0.0,
      0.0,
      0.0,
      0.0,
      0.0,
      0.0,
      0.0,
      0.0,
      0.0,
      0.0,
      -0.08563251554217406,
      0.0,
      0.0,
      0.0
    ],
    "self_consistency_aj_mean": 0.806103168686201,
    "self_consistency_aj_n": 46,
    "self_consistency_aj_values": [
      1.0,
      1.0,
      1.0,
      1.0,
      1.0,
      1.0,
      1.0,
      1.0,
      0.5872144328971788,
      1.0,
      1.0,
      1.0,
      1.0,
      0.28750000000000003,
      1.0,
      1.0,
      1.0,
      0.055118110236220444,
      1.0,
      -0.32352941176470584,
      1.0,
      1.0,
      0.3793540215326156,
      0.32228915662650603,
      1.0,
      1.0,
      1.0,
      1.0,
      1.0,
      0.5182271970957495,
      1.0,
      0.35384615384615387,
      0.2746666666666666,
      1.0,
      -0.11111111111111112,
      1.0,
      1.0,
      1.0,
      0.2087912087912088,
      1.0,
      1.0,
      1.0,
      0.5283793347487615,
      1.0,
      1.0,
      1.0
    ],
    "self_consistency_n_degenerate": 0,
    "self_consistency_n_missing": 4
  },
  "RO_alt": {
    "mean_delta": -0.004557142857142856,
    "n_instances": 50,