{
  "H_alt": {
    "mean_delta": -0.0035385702732641505,
    "n_instances": 49,
    "deltas": [
      0.0,
      0.0,
      -0.06666666666666665,
      -0.059090909090909055,
      0.0,
      0.06060606060606061,
      -0.0763888888888889,
      0.15873015873015875,
      -0.1071428571428572,
      0.0,
      0.0,
      0.0,
      0.0,
      0.0,
      0.0,
      -0.05448717948717946,
      0.0,
      0.0,
      0.0,
      0.0,
      0.0,
      0.06363636363636366,
      -0.020000000000000018,
      0.0,
      0.0,
      0.0,
      0.0,
      -0.0888888888888888,
      0.0,
      0.04945054945054947,
      0.08928571428571425,
      0.011590909090909068,
      0.0,
      0.0,
      0.024999999999999994,
      -0.05439560439560448,
      0.0,
      0.0,
      0.0,
      0.0,
      0.0,
      -0.03796203796203795,
      0.0,
      0.0,
      0.0,
      -0.06666666666666665,
      0.0,
      0.0,
      0.0
    ],
    "mean_delta_aj": -0.00993563292782558,
    "n_instances_aj": 49,
    "deltas_aj": [
      0.0,
      0.0,
      -0.29802556723110896,
      -0.08751958632891346,
      0.0,
      0.07280564785829824,
      -0.1802233143022332,
      0.28794943016173535,
      -0.19735174669458644,
      0.0,
      0.0,
      0.0,
      0.0,
      0.0,
      0.0,
      -0.11233074824722322,
      0.0,
      0.0,
      0.0,
      0.0,
      0.0,
      0.1144324850519428,
      -0.03166078717976069,
      0.0,
      0.0,
      0.0,
      0.0,
      -0.15508221016785728,
      0.0,
      0.10273471388902061,
      0.2891248478290275,
      0.02371040368425853,
      0.0,
      0.0,
      0.0,
      -0.11867136636910963,
      0.0,
      0.0,
      0.0,
      0.0,
      0.0,
      -0.07911405026551518,
      0.0,
      0.0,
      0.0,
      -0.1176241651514284,
      0.0,
      0.0,
      0.0
    ],
    "self_consistency_aj_mean": 0.7481068531624981,
    "self_consistency_aj_n": 49,
    "self_consistency_aj_values": [
      0.6726305541617605,
      0.6835705979358252,
      0.7372308872649048,
      0.6835705979358252,
      1.0,
      0.7283773243674084,
      0.6835705979358252,
      0.2539406281895738,
      0.6835705979358252,
      0.7283773243674084,
      1.0,
      0.599898485427484,
      1.0,
      1.0,
      0.6223916666220133,
      0.6726305541617605,
      0.6917958656921387,
      0.7256568278372748,
      1.0,
      0.7256568278372748,
      0.40565969886805486,
      1.0,
      0.7109226580144952,
      0.5411057804198051,
      1.0,
      1.0,
      1.0,
      0.7372308872649048,
      0.5061822901070947,
      0.7900581510818815,
      0.6835705979358252,
      0.41814683167362526,
      1.0,
      0.7192037337501473,
      0.7153371011970592,
      0.6879551489918753,
      1.0,
      0.37281671088146495,
      0.6879551489918753,
      1.0,
      0.8092920765191375,
      0.7550375280633991,
      0.7256568278372748,
      0.37281671088146495,
      1.0,
      0.6879551489918753,
      0.7445532652024459,
      0.6929101706163996,
      1.0
    ],
    "self_consistency_n_degenerate": 0,
    "self_consistency_n_missing": 1
  },
  "R_alt": {
    "mean_delta": -0.004971530736836861,
    "n_instances": 49,
    "deltas": [
      0.1160714285714286,
      0.0,
      0.0,
      0.0,
      0.06666666666666665,
      0.0,
      -0.03869047619047622,
      -0.125,
      0.023809523809523725,
      0.0,
      -0.09523809523809523,
      0.0,
      0.0,
      0.09833333333333333,
      -0.04325396825396826,
      0.0,
      0.0,
      0.0,
      0.0,
      0.0,
      0.0,
      -0.24747474747474746,
      -0.05555555555555558,
      0.0,
      0.005714285714285672,
      0.0,
      0.0,
      -0.02777777777777768,
      0.013186813186813182,
      0.08571428571428572,
      0.0,
      0.01330225330225332,
      0.0,
      0.0,
      -0.006666666666666668,
      0.04499999999999993,
      0.0,
      0.0,
      0.0,
      -0.0222222222222222,
      0.0,
      -0.10924630924630922,
      0.0,
      -0.29107142857142854,
      -0.10000000000000003,
      0.0,
      0.4507936507936508,
      0.0,
      0.0
    ],
    "mean_delta_aj": 0.0025331987668368804,
    "n_instances_aj": 49,
    "deltas_aj": [
      0.18095151451308622,
      0.0,
      0.0,
      0.0,
      -0.4243066489039603,
      0.0,
      0.054685084705719866,
      -0.16229865533962531,
      0.0007621569544199458,
      0.0,
      -0.20993439550140583,
      0.0,
      0.0,
      0.13764153669450274,
      0.04924861161364136,
      0.0,
      0.0,
      0.0,
      0.0,
      0.0,
      0.0,
      -0.4165777169333403,
      -0.019656312560634423,
      0.0,
      0.11293598739095378,
      0.0,
      0.0,
      -0.001745266526147038,
      0.07098173676095443,
      0.13859621565952668,
      0.0,
      0.040112361433414304,
      0.0,
      0.0,
      -0.34099338299222415,
      -0.012950249207415832,
      0.0,
      0.0,
      0.0,
      -0.09057215975020755,
      0.0,
      0.03009665949662449,
      0.0,
      0.5023079998794582,
      -0.23942856829282128,
      0.0,
      0.7242702304804871,
      0.0,
      0.0
    ],
    "self_consistency_aj_mean": 0.9142316539524771,
    "self_consistency_aj_n": 48,
    "self_consistency_aj_values": [
      0.6433668003741766,
      1.0,
      1.0,
      1.0,
      1.0,
      1.0,
      1.0,
      0.6233745206028984,
      1.0,
      1.0,
      0.4317028617820175,
      1.0,
      1.0,
      0.40565969886805486,
      1.0,
      1.0,
      1.0,
      1.0,
      1.0,
      1.0,
      1.0,
      1.0,
      1.0,
      1.0,
      0.3796992481203008,
      1.0,
      1.0,
      1.0,
      1.0,
      1.0,
      1.0,
      1.0,
      1.0,
      1.0,
      1.0,
      1.0,
      1.0,
      1.0,
      1.0,
      1.0,
      1.0,
      1.0,
      1.0,
      0.26680543489285885,
      1.0,
      0.132510825078593,
      1.0,
      1.0
    ],
    "self_consistency_n_degenerate": 1,
    "self_consistency_n_missing": 1
  },
  "CF_alt": {
    "mean_delta": -0.023682994343258452,
    "n_instances": 49,
    "deltas": [
      0.0,
      0.0,
      0.0,
      0.0,
      -0.2933333333333333,
      0.0,
      0.0,
      0.0,
      0.0,
      0.045897435897435834,
      0.0,
      0.040502585649644374,
      0.0,
      0.0,
      0.0,
      0.0,
      0.0,
      0.0,
      0.0,
      0.0,
      -0.13032967032967033,
      0.0,
      0.0,
      0.0,
      -0.03164502164502164,
      -0.4125,
      -0.3118181818181817,
      0.0,
      0.03713786213786213,
      0.0,
      0.0,
      0.0,
      0.3895238095238095,
      0.11812770562770558,
      0.03023809523809523,
      0.027692307692307683,
      0.0,
      -0.27,
      -0.11666666666666664,
      0.0,
      0.0,
      0.0,
      0.00888888888888889,
      -0.2702777777777778,
      0.0,
      -0.22857142857142856,
      -0.07619047619047618,
      0.39,
      -0.1071428571428571
    ],
    "mean_delta_aj": -0.05614847677609861,
    "n_instances_aj": 49,
    "deltas_aj": [
      0.0,
      0.0,
      0.0,
      0.0,
      -0.6586629744524481,
      0.0,
      0.0,
      0.0,
      0.0,
      0.0543580156358463,
      0.0,
      0.06360450257018951,
      0.0,
      0.0,
      0.06063553409004098,
      0.0,
      0.0,
      0.0,
      0.0,
      0.0,
      -0.25830961114759243,
      0.0,
      0.0,
      0.0,
      -0.6132204669619109,
      -1.0281719572585073,
      -0.6261253632479152,
      0.0,
      0.051315156007673265,
      0.0,
      0.0,
      0.0,
      0.6410906383738826,
      0.4560188852925154,
      0.31450977605696157,
      -0.01776627696432631,
      0.0,
      -0.5551116382168809,
      -0.24928013926695705,
      0.0,
      0.0,
      0.0,
      0.077446898021922,
      -0.43659565009811163,
      0.0,
      -0.445070653766099,
      -0.32340444709312943,
      0.861111111111111,
      -0.11964670071509642
    ],
    "self_consistency_aj_mean": 0.5132870000570283,
    "self_consistency_aj_n": 14,