{
  "H_alt": {
    "mean_delta": -0.002215896614652577,
    "n_instances": 50,
    "deltas": [
      0.0,
      0.009707602339181283,
      0.005496453900709214,
      0.006587301587301586,
      -0.015204678362573165,
      0.010547886108714419,
      0.0073891625615763595,
      -0.0034482758620689655,
      0.0,
      0.0034240561896400623,
      -0.006072874493927127,
      -0.014444444444444454,
      -0.004489795918367373,
      -0.008262108262108263,
      0.005020408163265308,
      0.0,
      0.0034226190476190355,
      0.0,
      -0.007977207977207981,
      -0.019780219780219765,
      -0.00490286771507864,
      -0.007956989247311808,
      0.01028838518671503,
      0.0,
      0.0,
      0.0033633033633033715,
      0.0,
      -0.009919492272433453,
      0.0034032634032633985,
      0.0,
      -0.004931972789115641,
      0.0,
      0.0,
      -0.06964912280701754,
      -0.018213091256569475,
      0.012021804133259234,
      0.016017150155081192,
      0.003991291727140772,
      -0.010869565217391297,
      0.0,
      0.0,
      0.005638998682476942,
      0.0,
      0.0,
      0.0,
      -0.025454545454545396,
      -0.011211150360086533,
      0.01397058823529411,
      0.0,
      0.011703296703296728
    ],
    "mean_delta_aj": 0.00014257013025112232,
    "n_instances_aj": 50,
    "deltas_aj": [
      0.0,
      -0.08816600271758207,
      0.00959942949403414,
      0.014704696352993596,
      -0.03242380843295245,
      0.0,
      0.0,
      0.0,
      0.0,
      0.01636926845571729,
      -0.0411615264120473,
      -0.013464686992016028,
      -0.0370576032503524,
      -0.039171141640721,
      0.018370117898400987,
      0.0,
      -0.002786412087555923,
      0.0,
      0.0,
      -0.04456967486936575,
      0.0,
      -0.0359775085493379,
      -0.06821161720162287,
      0.0,
      0.0,
      0.0071747750783227315,
      0.0,
      -0.10275823310307777,
      0.009271513597908468,
      0.0,
      -0.015127514048930646,
      0.0,
      0.0,
      -0.06138399172004327,
      0.09685814613449029,
      0.10727246939000046,
      0.07490817629420154,
      -0.033852817345025134,
      -0.04237835565320058,
      0.0,
      0.0,
      0.239717786429375,
      0.0,
      0.0,
      0.0,
      -0.0699965680216712,
      0.07295048897739706,
      0.0370229326655766,
      0.0,
      0.031396167789640245
    ],
    "self_consistency_aj_mean": 0.6775044791515811,
    "self_consistency_aj_n": 38,
    "self_consistency_aj_values": [
      0.8725452335799764,
      0.8347567575023109,
      0.8532690879001651,
      0.7551358732307896,
      0.6234759192796255,
      0.8653017762443731,
      0.6346086919614828,
      0.5413084124506213,
      0.6748842977964882,
      0.4705130114869736,
      0.6721298315770913,
      0.6074466314420067,
      0.6965470150888898,
      0.7108434632962625,
      0.4831569845721748,
      0.5438405014514526,
      0.7922278755353186,
      0.46944553678852735,
      0.5042305093248953,
      0.7265041625730083,
      0.4938390830332203,
      0.7378688922911967,
      0.7728393516293275,
      0.6833508371776778,
      0.6371462879629779,
      0.6369285070500605,
      0.8078575340985076,
      0.520919220153988,
      0.6291274809432023,
      0.6849301303748411,
      0.6628572324753614,
      0.7880122373619594,
      0.8053231070992894,
      0.9448571887433654,
      0.5876167572621346,
      0.7104422820076906,
      0.5672083469387207,
      0.7418741580741233
    ],
    "self_consistency_n_degenerate": 1,
    "self_consistency_n_missing": 11
  },
  "R_alt": {
    "mean_delta": -0.0058393182094553155,
    "n_instances": 50,
    "deltas": [
      -0.009090909090909108,
      0.0,
      -0.07936827956989245,
      0.003703703703703709,
      0.0,
      0.0,
      -0.03626373626373626,
      0.0,
      -0.0781818181818182,
      -0.005222225016275353,
      -0.005474373895426543,
      -0.006837606837606841,
      -0.07189057441158281,
      0.00036231884057971037,
      0.0002564102564102666,
      0.0,
      0.0,
      0.0,
      0.0,
      -0.16858974358974355,
      0.013235294117647067,
      0.0,
      -0.04370665034679722,
      0.0,
      0.07882783882783884,
      -0.0022854249767882695,
      0.0,
      0.060927960927960934,
      0.0,
      0.0,
      -0.07836257309941522,
      0.0,
      0.0,
      -0.005263157894736845,
      0.009867089432306853,
      0.0,
      0.0007936507936507908,
      0.005986806843949699,
      0.07642512077294689,
      0.03,
      0.0,
      0.0,
      0.0,
      0.0,
      0.0,
      0.0,
      0.0,
      0.0,
      0.0,
      0.018184968184968203
    ],
    "mean_delta_aj": -0.02251603131539687,
    "n_instances_aj": 50,
    "deltas_aj": [
      -0.18663532569048366,
      0.0,
      -0.2937007971068356,
      0.0001818303016289935,
      0.0,
      0.0,
      -0.09133344682220094,
      0.0,
      -0.2679334905355227,
      -0.22232097191393851,
      -0.09693388010535392,
      -0.016268847112455284,
      -0.1456568842837514,
      -0.01000025373177741,
      -0.0012929344085292355,
      0.0,
      0.0,
      0.0,
      0.0,
      -0.21495374427338315,
      0.03752868854965802,
      0.0,
      -0.12020004043629973,
      0.0,
      0.27288122833960776,
      0.09360829153271963,
      0.0,
      0.09123979753654035,
      0.0,
      0.010773150446847235,
      -0.32382787219478115,
      0.0,
      0.0,
      -0.001627511845431813,
      0.10351169425810591,
      0.0,
      0.027797557518313948,
      -0.015371830646834617,
      0.16177366647030716,
      0.08326577654566494,
      0.0,
      0.0,
      0.0,
      0.0,
      0.0,
      0.0,
      0.0,
      0.0,
      0.0,
      -0.0003054161616584117
    ],
    "self_consistency_aj_mean": 0.8688227303219578,
    "self_consistency_aj_n": 50,
    "self_consistency_aj_values": [
      1.0,
      1.0,
      0.3546432358733525,
      0.43310186114180843,
      1.0,
      1.0,
      1.0,
      1.0,
      1.0,
      0.396584751792458,
      1.0,
      1.0,
      0.5651928910609573,
      1.0,
      0.5248173773192925,
      1.0,
      1.0,
      1.0,
      1.0,
      1.0,
      0.5356649780413115,
      1.0,
      0.6585136694509677,
      1.0,
      0.5655455284452202,
      1.0,
      1.0,
      0.47635917072346046,
      1.0,
      1.0,
      0.18348552916104494,
      1.0,
      1.0,
      1.0,
      1.0,
      1.0,
      1.0,
      0.6854961951604457,
      0.7388354003257612,
      1.0,
      1.0,
      1.0,
      1.0,
      0.3228959276018099,
      1.0,
      1.0,
      1.0,
      1.0,
      1.0,
      1.0
    ],
    "self_consistency_n_degenerate": 0,
    "self_consistency_n_missing": 0
  },
  "CF_alt": {
    "mean_delta": -0.005915127111963555,
    "n_instances": 50,
    "deltas": [
      0.0,
      0.02222222222222222,
      0.0,
      0.007281902920091288,
      0.0,
      0.012960166810468784,
      0.0002463054187192143,
      -0.0069585491237793146,
      -0.043145155498096666,
      0.004706571375988108,
      0.0008880769699183971,
      0.0,
      0.006197502687066259,
      0.0,
      0.004992870911483038,
      0.01806426635694927,
      -0.006733839758338966,
      -0.027343132606290503,
      -0.0022348398818986953,
      0.0,
      0.0,
      0.012308102939537408,
      -0.0346378767431399,
      -0.018811928811928835,
      -0.0016921835978097183,
      0.001263966807897643,
      -0.006060606060606065,
      0.007093257619573412,
      -0.013451330278916485,
      -0.09259259259259259,
      0.016922060695527513,
      0.0,
      0.0,
      -0.001416766626682664,
      0.0027272358218650428,
      0.008617509081905367,
      -0.005543345543345547,
      0.0,
      0.0037647594923136407,
      0.0041867870618770425,
      0.0,
      0.01335865253485391,
      -0.02896825396825392,
      -0.017562067562067546,
      0.0,
      0.0,
      -0.011661600810536979,
      -0.0007936507936507908,
      -0.028431372549019604,
      -0.0955194805194805
    ],