{
  "overall": {
    "n_instances": 450,
    "mean_ecs_adj_complete": 0.5061526536682331,
    "n_ecs_adj_complete": 153,
    "mean_ecs_adj_available": 0.5201468706725597,
    "ecs_adj_p_value": null,
    "ecs_adj_p_holm": null,
    "mean_ecs_adj_er": 0.49520484074106563,
    "mean_ecs_adj_ep": 0.6270478807068226,
    "mean_ecs_adj_rp": 0.4332878298233048,
    "legacy_mean_ecs_complete": 0.37152780807596036,
    "legacy_mean_ecs_lift": 0.18574836123844243
  },
  "per_cell": {
    "nova-pro_sst2": {
      "mean_ecs_adj_complete": 0.40284656430628846,
      "n": 28,
      "p_holm": 0.0007999200079992001,
      "p_holm_complete": 0.0007999200079992001,
      "p_holm_available": 0.0008999100089991002
    },
    "qwen3-235b_sst2": {
      "mean_ecs_adj_complete": 0.5538531511708337,
      "n": 31,
      "p_holm": 0.0007999200079992001,
      "p_holm_complete": 0.0007999200079992001,
      "p_holm_available": 0.0008999100089991002
    },
    "deepseek-v3_sst2": {
      "mean_ecs_adj_complete": 0.6895214370835787,
      "n": 34,
      "p_holm": 0.0007999200079992001,
      "p_holm_complete": 0.0007999200079992001,
      "p_holm_available": 0.0008999100089991002
    },
    "nova-pro_mnli": {
      "mean_ecs_adj_complete": 0.3211010393098632,
      "n": 8,
      "p_holm": 0.0430956904309569,
      "p_holm_complete": 0.0430956904309569,
      "p_holm_available": 0.0008999100089991002
    },
    "qwen3-235b_mnli": {
      "mean_ecs_adj_complete": 0.4295946884785814,
      "n": 9,
      "p_holm": 0.024297570242975707,
      "p_holm_complete": 0.024297570242975707,
      "p_holm_available": 0.0008999100089991002
    },
    "deepseek-v3_mnli": {
      "mean_ecs_adj_complete": 0.41387081564870853,
      "n": 13,
      "p_holm": 0.0115988401159884,
      "p_holm_complete": 0.0115988401159884,
      "p_holm_available": 0.0008999100089991002
    },
    "nova-pro_ag_news": {
      "mean_ecs_adj_complete": 0.42894173506590805,
      "n": 7,
      "p_holm": 0.024297570242975707,
      "p_holm_complete": 0.024297570242975707,
      "p_holm_available": 0.0008999100089991002
    },
    "qwen3-235b_ag_news": {
      "mean_ecs_adj_complete": 0.6265078412343378,
      "n": 3,
      "p_holm": null,
      "p_holm_complete": null,
      "p_holm_available": 0.0008999100089991002
    },
    "deepseek-v3_ag_news": {
      "mean_ecs_adj_complete": 0.4425439440071183,
      "n": 20,
      "p_holm": 0.0007999200079992001,
      "p_holm_complete": 0.0007999200079992001,
      "p_holm_available": 0.0008999100089991002
    }
  },
  "cross_model_delta": {
    "ag_news": 0.21652097033662276,
    "mnli": 0.23423919410136929,
    "sst2": 0.22502583533470932
  },
  "erasure": {
    "deepseek.v3-v1:0": {
      "cc3_minus_random": {
        "mask": 0.09650349650349649,
        "delete": 0.1347840103159252
      },
      "cc3_vs_random_test": {
        "mask": {
          "n_paired": 143,
          "p_raw": 0.0007999200079992001,
          "p_holm": 0.0007999200079992001
        },
        "delete": {
          "n_paired": 141,
          "p_raw": 9.999000099990002e-05,
          "p_holm": 0.00019998000199980003
        }
      }
    },
    "eu.amazon.nova-pro-v1:0": {
      "cc3_minus_random": {
        "mask": 0.08752403846153847,
        "delete": 0.09509875196898096
      },
      "cc3_vs_random_test": {
        "mask": {
          "n_paired": 128,
          "p_raw": 0.0006999300069993001,
          "p_holm": 0.0013998600139986002
        },
        "delete": {
          "n_paired": 126,
          "p_raw": 0.000999900009999,
          "p_holm": 0.0013998600139986002
        }
      }
    },
    "qwen.qwen3-235b-a22b-2507-v1:0": {
      "cc3_minus_random": {
        "mask": 0.1279411764705882,
        "delete": 0.15441176470588233
      },
      "cc3_vs_random_test": {
        "mask": {
          "n_paired": 136,
          "p_raw": 9.999000099990002e-05,
          "p_holm": 0.00019998000199980003
        },
        "delete": {
          "n_paired": 136,
          "p_raw": 9.999000099990002e-05,
          "p_holm": 0.00019998000199980003
        }
      }
    }
  }
}