{
  "H_alt": {
    "mean_delta": 0.009562546297240168,
    "n_instances": 49,
    "deltas": [
      0.0,
      0.0,
      0.06666666666666665,
      0.0,
      0.0,
      0.13333333333333336,
      0.0,
      0.15873015873015875,
      -0.1071428571428572,
      0.0,
      0.0,
      0.0,
      0.0,
      0.0,
      -0.030555555555555558,
      -0.05448717948717946,
      0.038730158730158726,
      0.0,
      0.0,
      0.10416666666666663,
      0.0,
      0.0,
      -0.019999999999999962,
      0.0,
      0.0,
      -0.03888888888888892,
      0.0,
      0.0888888888888888,
      -0.038461538461538464,
      0.0,
      0.08928571428571425,
      -0.030909090909090914,
      -0.06000000000000005,
      0.0,
      -0.0625,
      0.021794871794871717,
      0.0,
      0.0,
      0.0,
      0.07777777777777778,
      0.0,
      0.0,
      0.0,
      0.0,
      0.07222222222222219,
      0.0,
      0.021818181818181848,
      0.0,
      0.038095238095238126
    ],
    "mean_delta_aj": 0.028029790308071914,
    "n_instances_aj": 49,
    "deltas_aj": [
      0.0,
      0.0,
      0.29802556723110896,
      0.0,
      0.0,
      0.16017242528825598,
      0.0,
      0.28794943016173535,
      -0.19735174669458644,
      0.0,
      0.0,
      0.0,
      0.0,
      0.0,
      -0.05734580275587191,
      -0.11233074824722322,
      0.08570408454481529,
      0.0,
      0.0,
      0.18505128385575387,
      -0.007221444854427855,
      0.0,
      -0.05796779566907277,
      0.0,
      0.0,
      -0.06425351589048892,
      0.0,
      0.15508221016785728,
      -0.06520986422887742,
      0.0,
      0.2891248478290275,
      -0.047194615580376964,
      -0.07860344420853965,
      0.0,
      0.0,
      0.035423802319928255,
      0.0,
      0.0,
      0.0,
      0.14584545383499903,
      0.0,
      0.0,
      0.0,
      0.0,
      0.21460508248866694,
      0.0,
      0.0781375220387883,
      0.0,
      0.12581699346405228
    ],
    "self_consistency_aj_mean": 0.6995513182123404,
    "self_consistency_aj_n": 49,
    "self_consistency_aj_values": [
      1.0,
      0.6835705979358252,
      0.7372308872649048,
      0.6835705979358252,
      1.0,
      0.5110791838613351,
      0.6835705979358252,
      0.2539406281895738,
      0.6835705979358252,
      1.0,
      0.2866096400792112,
      0.4427157475597098,
      1.0,
      0.6835705979358252,
      0.6223916666220133,
      0.6726305541617605,
      0.6917958656921387,
      0.7256568278372748,
      1.0,
      0.7256568278372748,
      0.7283773243674084,
      1.0,
      0.7256568278372748,
      1.0,
      1.0,
      0.353622777500056,
      1.0,
      0.5222379768452814,
      0.3266122137824019,
      0.7900581510818815,
      0.6835705979358252,
      0.4118644472699002,
      0.5756933510960397,
      0.7192037337501473,
      0.7153371011970592,
      0.6879551489918753,
      1.0,
      0.647209399870824,
      0.44525359820777827,
      0.6483777006508248,
      0.499391700862736,
      0.7550375280633991,
      0.7256568278372748,
      0.647209399870824,
      0.7528071467685028,
      1.0,
      0.7445532652024459,
      0.44723830710951923,
      0.6375292475210794
    ],
    "self_consistency_n_degenerate": 0,
    "self_consistency_n_missing": 1
  },
  "R_alt": {
    "mean_delta": 0.004184341735362143,
    "n_instances": 49,
    "deltas": [
      0.0714285714285714,
      0.0,
      0.0,
      0.0,
      0.06666666666666665,
      0.0,
      0.0,
      0.0,
      0.0,
      0.0,
      -0.11666666666666667,
      0.0,
      -0.17142857142857143,
      0.0,
      0.0,
      0.0,
      0.0,
      0.0,
      0.0,
      0.0,
      0.0,
      0.17449494949494948,
      0.0,
      0.0,
      -0.07261904761904758,
      0.0,
      0.0,
      0.0,
      0.0,
      0.0,
      0.0,
      -0.030909090909090914,
      0.0,
      0.0,
      0.0,
      0.0,
      0.0,
      0.0,
      0.0,
      0.04206349206349208,
      0.27692307692307694,
      0.0,
      0.0,
      0.0,
      -0.03492063492063496,
      0.0,
      0.0,
      0.0,
      0.0
    ],
    "mean_delta_aj": -0.008110991345409496,
    "n_instances_aj": 49,
    "deltas_aj": [
      0.18963842290701582,
      0.0,
      0.0,
      0.0,
      -0.4243066489039603,
      0.0,
      0.0,
      0.0,
      0.0,
      0.0,
      -0.40191387559808617,
      0.0,
      0.0,
      0.0,
      0.0,
      0.0,
      0.0,
      0.0,
      0.0,
      0.0,
      0.0,
      0.24010974881849467,
      0.0,
      0.0,
      -0.09869332248402901,
      0.0,
      0.0,
      0.0,
      0.0,
      0.0,
      0.0,
      -0.047194615580376964,
      0.0,
      0.0,
      0.0,
      0.0,
      0.0,
      0.0,
      0.0,
      0.08089079773553753,
      0.0,
      0.0,
      0.0,
      0.0,
      0.06403091718033915,
      0.0,
      0.0,
      0.0,
      0.0
    ],
    "self_consistency_aj_mean": 0.9430571120379387,
    "self_consistency_aj_n": 49,
    "self_consistency_aj_values": [
      1.0,
      1.0,
      1.0,
      1.0,
      1.0,
      1.0,
      1.0,
      1.0,
      1.0,
      1.0,
      0.270516717325228,
      1.0,
      1.0,
      1.0,
      1.0,
      1.0,
      1.0,
      1.0,
      1.0,
      1.0,
      1.0,
      1.0,
      1.0,
      1.0,
      1.0,
      1.0,
      1.0,
      1.0,
      1.0,
      1.0,
      1.0,
      0.7075522348605997,
      1.0,
      1.0,
      1.0,
      0.4530861566872647,
      1.0,
      1.0,
      1.0,
      0.5057837076932492,
      1.0,
      1.0,
      1.0,
      1.0,
      0.2728596732926589,
      1.0,
      1.0,
      1.0,
      1.0
    ],
    "self_consistency_n_degenerate": 0,
    "self_consistency_n_missing": 1
  },
  "CF_alt": {
    "mean_delta": 0.0006473012115269063,
    "n_instances": 49,
    "deltas": [
      0.0,
      -0.22857142857142856,
      0.0,
      0.0,
      0.0,
      0.0,
      0.0,
      0.0,
      0.0,
      0.011452991452991446,
      0.0,
      -0.044857609710550916,
      0.0,
      0.0,
      0.0,
      0.0,
      -0.022222222222222213,
      0.0,
      0.0,
      0.0,
      -0.13032967032967033,
      0.0,
      0.31333333333333335,
      0.0,
      0.0,
      0.0,
      -0.3118181818181817,
      0.0,
      0.0,
      0.0,
      0.0,
      0.0,
      0.3895238095238095,
      0.11812770562770558,
      0.0,
      0.019120879120879064,
      -0.050952380952380916,
      0.0,
      -0.08005050505050504,
      0.0,
      0.0,
      0.0,
      0.0,
      0.0,
      0.0,
      -0.18571428571428572,
      0.008484848484848512,
      0.33333333333333337,
      -0.1071428571428571
    ],
    "mean_delta_aj": 0.007195895146491826,
    "n_instances_aj": 49,
    "deltas_aj": [
      0.0,
      -0.5986782112401685,
      0.0,
      0.0,
      0.0,
      0.0,
      0.0,
      0.0,
      0.0,
      0.010430690712822765,
      0.0,
      -0.004656010115619724,
      0.0,
      0.0,
      -0.05445097953952968,
      0.0,
      -0.09456154078565474,
      0.0,
      0.0,
      0.0,
      -0.25830961114759243,
      0.0,
      0.4835032791149365,
      0.0,
      0.0,
      0.0,
      -0.6261253632479152,
      0.0,
      0.0,
      0.0,
      0.0,
      0.0,
      0.6410906383738826,
      0.4560188852925154,
      0.0,
      -0.021879801642410324,
      0.5422559178905001,
      0.0,
      -0.2653471085798722,
      0.0,
      0.0,
      0.0,
      0.0,
      0.0,
      0.0,
      -0.2835012528163644,
      -0.0560623842940647,
      0.6025184149177305,
      -0.11964670071509642
    ],
    "self_consistency_aj_mean": 0.7360227497713805,
    "self_consistency_aj_n": 13,
    "self_consistency_aj_values": [
      0.44337750040066537,
      1.0,
      1.0,
      1.0,
      -0.28,
      1.0,
      1.0,
      1.0,
      0.7126105543195891,
      -0.30769230769230776,
      1.0,
      1.0,
      1.0
    ],
    "self_consistency_n_degenerate": 0,
    "self_consistency_n_missing": 37
  },
  "RO_alt": {
    "mean_delta": 0.01719741143210531,
    "n_instances": 49,