{
  "H_alt": {
    "mean_delta": -0.004507936507936509,
    "n_instances": 50,
    "deltas": [
      -0.03999999999999998,
      0.0,
      0.0,
      0.0,
      0.0,
      0.0,
      0.007142857142857131,
      0.0,
      0.0,
      0.0,
      0.15000000000000002,
      0.0,
      0.046666666666666634,
      0.0,
      0.0,
      -0.016666666666666663,
      0.0,
      0.0,
      0.0,
      -0.024444444444444463,
      0.0,
      0.0,
      0.0,
      0.0,
      0.0,
      -0.07619047619047631,
      0.0,
      0.0,
      0.0,
      0.0,
      -0.1,
      0.0,
      0.0,
      0.0,
      0.0,
      0.0,
      0.0,
      0.007857142857142868,
      -0.20833333333333331,
      0.0,
      0.028571428571428567,
      0.0,
      0.0,
      0.0,
      0.0,
      0.0,
      0.0,
      0.0,
      0.0,
      0.0
    ],
    "mean_delta_aj": -0.007251020440656768,
    "n_instances_aj": 50,
    "deltas_aj": [
      -0.09700176366843036,
      0.0,
      0.0,
      0.0,
      0.0,
      0.0,
      0.0167528948016753,
      0.0,
      0.0,
      0.0,
      0.2362204724409448,
      0.0,
      0.1966049382716049,
      0.0,
      0.0,
      -0.02839591198177055,
      0.0,
      0.0,
      0.0,
      -0.07600710091492557,
      0.0,
      0.0,
      0.0,
      0.0,
      0.0,
      -0.09251189572562549,
      0.0,
      0.0,
      0.0,
      0.0,
      -0.12923076923076926,
      0.0,
      0.0,
      0.0,
      0.0,
      0.0,
      0.0,
      0.046388266735915035,
      -0.5434782608695653,
      0.0,
      0.10810810810810809,
      0.0,
      0.0,
      0.0,
      0.0,
      0.0,
      0.0,
      0.0,
      0.0,
      0.0
    ],
    "self_consistency_aj_mean": 0.7199459566879006,
    "self_consistency_aj_n": 48,
    "self_consistency_aj_values": [
      0.4515948517067711,
      1.0,
      0.47242206235011985,
      0.19764059347187404,
      1.0,
      1.0,
      0.3391854165885233,
      1.0,
      1.0,
      1.0,
      0.21259842519685032,
      0.35384615384615387,
      0.32530120481927705,
      1.0,
      1.0,
      0.042958129418162024,
      1.0,
      0.47242206235011985,
      0.5374282098705344,
      0.4705027493143157,
      1.0,
      1.0,
      1.0,
      1.0,
      1.0,
      0.18189344576466077,
      1.0,
      1.0,
      0.5374282098705344,
      1.0,
      0.32530120481927705,
      0.5838556233795398,
      1.0,
      0.2827868852459017,
      0.6123296834841391,
      1.0,
      0.3793540215326156,
      0.21259842519685032,
      1.0,
      0.6123296834841391,
      1.0,
      1.0,
      1.0,
      0.35384615384615387,
      1.0,
      1.0,
      1.0,
      0.5997827254627182
    ],
    "self_consistency_n_degenerate": 2,
    "self_consistency_n_missing": 0
  },
  "R_alt": {
    "mean_delta": -0.002372582972582969,
    "n_instances": 50,
    "deltas": [
      0.0,
      0.0,
      0.0,
      0.0,
      0.0,
      0.0,
      -0.025,
      -0.04999999999999999,
      0.0,
      0.0,
      0.0,
      0.0,
      0.0,
      0.0,
      0.0,
      0.0,
      0.0,
      -0.048888888888888926,
      0.11666666666666667,
      0.0,
      0.0,
      0.0,
      0.10500000000000004,
      0.0,
      -0.043333333333333335,
      0.0,
      0.0,
      0.0,
      0.0,
      0.0,
      -0.12666666666666668,
      0.0,
      0.0,
      0.0,
      0.0,
      0.16309523809523813,
      -0.1299999999999999,
      0.0,
      0.0,
      0.0,
      0.0,
      -0.05666666666666667,
      0.0,
      -0.02283549783549782,
      0.0,
      0.0,
      0.0,
      0.0,
      0.0,
      0.0
    ],
    "mean_delta_aj": -0.018368397724720955,
    "n_instances_aj": 49,
    "deltas_aj": [
      0.0,
      0.0,
      0.0,
      0.0,
      0.0,
      0.0,
      -0.12816558046099497,
      -0.48364706359536647,
      0.0,
      0.0,
      0.0,
      0.0,
      0.0,
      0.0,
      0.0,
      0.0,
      -0.18502769567033875,
      0.46478873239436613,
      0.0,
      0.0,
      0.0,
      0.15057049902497371,
      0.0,
      0.17782258064516132,
      0.0,
      0.0,
      0.0,
      0.0,
      0.0,
      -0.2604069877356869,
      0.0,
      0.0,
      0.0,
      0.0,
      0.22207027820454092,
      -0.14443894707350313,
      0.0,
      0.0,
      0.0,
      0.0,
      -0.6527475223724217,
      0.0,
      -0.06086978187205705,
      0.0,
      0.0,
      0.0,
      0.0,
      0.0,
      0.0
    ],
    "self_consistency_aj_mean": 0.8489507028960449,
    "self_consistency_aj_n": 41,
    "self_consistency_aj_values": [
      1.0,
      1.0,
      1.0,
      1.0,
      1.0,
      1.0,
      1.0,
      -0.33333333333333354,
      1.0,
      1.0,
      0.4225859247135843,
      1.0,
      1.0,
      1.0,
      0.2457142857142857,
      0.4505040489175343,
      1.0,
      1.0,
      1.0,
      1.0,
      1.0,
      1.0,
      1.0,
      1.0,
      1.0,
      1.0,
      1.0,
      0.2827868852459017,
      0.23311351316931067,
      0.09677419354838712,
      1.0,
      1.0,
      1.0,
      1.0,
      1.0,
      0.40883330076216523,
      1.0,
      1.0,
      1.0,
      1.0,
      1.0
    ],
    "self_consistency_n_degenerate": 4,
    "self_consistency_n_missing": 5
  },
  "CF_alt": {
    "mean_delta": -0.017982972582972587,
    "n_instances": 50,
    "deltas": [
      0.0,
      0.0,
      -0.03428571428571425,
      -0.07325396825396824,
      0.0,
      0.0,
      0.0,
      0.0,
      0.0,
      -0.0845238095238095,
      0.0,
      0.0,
      0.0,
      0.0,
      0.007539682539682541,
      0.0,
      -0.13000000000000006,
      0.0,
      -0.033333333333333326,
      -0.09898989898989902,
      0.0,
      0.0,
      0.0,
      0.0,
      0.0,
      0.0,
      0.0,
      0.0,
      0.0,
      0.0,
      -0.0404761904761905,
      0.0,
      0.0,
      0.0,
      0.0,
      0.0,
      0.0,
      -0.11428571428571427,
      -0.3333333333333333,
      0.022222222222222213,
      0.013571428571428568,
      0.0,
      0.0,
      0.0,
      0.0,
      0.0,
      0.0,
      0.0,
      0.0,
      0.0
    ],
    "mean_delta_aj": -0.006269970693755547,
    "n_instances_aj": 50,
    "deltas_aj": [
      0.0,
      0.0,
      0.13470250760807667,
      -0.05456837834059464,
      0.0,
      0.0,
      0.0,
      0.0,
      0.0,
      0.09310792387848765,
      0.0,
      0.0,
      0.0,
      0.0,
      0.08443982869166455,
      0.0,
      -0.4117933723196883,
      0.0,
      -0.034537367747152777,
      -0.07931882616628455,
      0.0,
      0.0,
      0.0,
      0.0,
      0.0,
      0.0,
      0.0,
      0.0,
      0.0,
      0.0,
      -0.14231543407713038,
      0.0,
      0.0,
      0.0,
      0.0,
      0.0,
      0.0,
      -0.18889906579068133,
      0.0,
      0.19342450021577778,
      0.09225914935974801,
      0.0,
      0.0,
      0.0,
      0.0,
      0.0,
      0.0,
      0.0,
      0.0,
      0.0
    ],
    "self_consistency_aj_mean": 0.7899730679415548,
    "self_consistency_aj_n": 47,
    "self_consistency_aj_values": [
      1.0,
      1.0,
      0.1472556894243641,
      1.0,
      1.0,
      1.0,
      1.0,
      1.0,
      0.7712422101149019,
      1.0,
      0.23611111111111108,
      0.277805334045557,
      1.0,
      0.28750000000000003,
      1.0,
      1.0,
      1.0,
      1.0,
      1.0,
      1.0,
      1.0,
      1.0,
      0.32228915662650603,
      0.5101712687871374,
      1.0,
      1.0,
      1.0,
      0.3579766536964981,
      1.0,
      1.0,
      1.0,
      1.0,
      0.2746666666666666,
      1.0,
      -0.7142857142857143,
      1.0,
      0.1741573033707865,
      0.27505330490405117,
      1.0,
      0.2087912087912088,
      1.0,
      1.0,
      1.0,
      1.0,
      1.0,
      1.0,
      1.0
    ],
    "self_consistency_n_degenerate": 0,
    "self_consistency_n_missing": 3
  },
  "RO_alt": {
    "mean_delta": -0.0035650793650793687,
    "n_instances": 50,