{
  "H_alt": {
    "mean_delta": 0.0001796869796869807,
    "n_instances": 50,
    "deltas": [
      0.0,
      0.0,
      0.0,
      0.0,
      -0.027272727272727282,
      -0.021212121212121196,
      -0.006060606060606044,
      0.020000000000000018,
      0.0,
      0.0,
      -0.033333333333333326,
      -0.03928571428571426,
      0.04666666666666666,
      0.030909090909090914,
      0.0,
      -0.027272727272727282,
      0.0,
      0.0,
      0.14102564102564102,
      0.0,
      0.0,
      0.0,
      0.028571428571428636,
      0.0,
      0.04864468864468863,
      0.0,
      0.033333333333333354,
      -0.1071428571428571,
      0.0,
      -0.053333333333333344,
      0.0,
      0.0,
      0.0,
      0.0,
      0.0,
      0.0,
      -0.06,
      0.0,
      -0.05838383838383843,
      0.0,
      0.05237373737373738,
      0.0,
      0.0,
      0.0,
      0.0,
      0.08095238095238089,
      0.0,
      -0.03384615384615383,
      -0.006349206349206382,
      0.0
    ],
    "mean_delta_aj": 0.0029516842218758905,
    "n_instances_aj": 49,
    "deltas_aj": [
      0.0,
      0.0,
      0.0,
      0.0,
      -0.047153482256194174,
      -0.02933333502174665,
      0.01197986400344675,
      0.03828634323935314,
      0.0,
      0.0,
      -0.04255227527999167,
      -0.05004820604641552,
      0.16452991452991456,
      0.04105495286355618,
      0.0,
      -0.03663056483892113,
      0.0,
      0.0,
      -0.009859614894643376,
      0.0,
      0.0,
      0.0,
      0.48913043478260876,
      0.0,
      -0.006737860886257163,
      0.0,
      0.0,
      -0.3683492496589359,
      0.0,
      -0.09447852760736197,
      0.0,
      0.0,
      0.0,
      0.0,
      0.0,
      0.0,
      -0.0899591094956838,
      0.03629939789266945,
      0.0,
      0.09063298421190809,
      0.0,
      0.0,
      0.0,
      0.0,
      0.14022888246520582,
      0.0,
      -0.1025808734087082,
      0.010172852278115374,
      0.0
    ],
    "self_consistency_aj_mean": 0.7351698889204026,
    "self_consistency_aj_n": 43,
    "self_consistency_aj_values": [
      1.0,
      0.5997827254627182,
      1.0,
      0.5048620558337485,
      0.5007136387642553,
      0.45983180539682217,
      0.32530120481927705,
      0.4225859247135843,
      0.612071515285607,
      0.532510540436949,
      0.6375292475210794,
      0.48686124309124396,
      0.706239186279201,
      1.0,
      0.6656835806132808,
      1.0,
      1.0,
      1.0,
      1.0,
      1.0,
      -0.024985473561882403,
      1.0,
      1.0,
      0.29961976955975667,
      0.44700460829493094,
      0.5163027221058929,
      1.0,
      1.0,
      1.0,
      1.0,
      1.0,
      1.0,
      0.17080466646724513,
      1.0,
      0.5476222126217142,
      0.43745884077480035,
      1.0,
      0.6845276133763062,
      1.0,
      1.0,
      0.6656835806132808,
      1.0,
      0.4142940151074958
    ],
    "self_consistency_n_degenerate": 1,
    "self_consistency_n_missing": 6
  },
  "R_alt": {
    "mean_delta": 0.000289033189033186,
    "n_instances": 50,
    "deltas": [
      0.0,
      0.0,
      0.0,
      0.0,
      -0.08277056277056274,
      0.0,
      0.0,
      0.0,
      0.0,
      0.0,
      0.0,
      0.0,
      0.0,
      0.0,
      0.0,
      0.010238095238095213,
      0.05238095238095236,
      0.0,
      0.0,
      0.0,
      0.0,
      0.0,
      0.0,
      -0.08333333333333334,
      0.0,
      0.0,
      0.0,
      0.0,
      0.0,
      0.0,
      0.0,
      0.0,
      0.0,
      0.0,
      0.0,
      0.08666666666666656,
      -0.053333333333333344,
      0.2222222222222222,
      0.0,
      0.0,
      -0.010000000000000009,
      0.0,
      0.0,
      0.0,
      0.0,
      0.0,
      0.0,
      0.01666666666666669,
      -0.11333333333333334,
      -0.030952380952380953
    ],
    "mean_delta_aj": -0.0034312127576594273,
    "n_instances_aj": 49,
    "deltas_aj": [
      0.0,
      0.0,
      0.0,
      0.0,
      -0.13595890286227824,
      0.0,
      0.0,
      0.0,
      0.0,
      0.0,
      0.0,
      0.0,
      0.0,
      0.0,
      0.0,
      0.04417929047058977,
      0.27290581049695384,
      0.0,
      0.0,
      0.0,
      0.0,
      0.0,
      0.0,
      -0.03282430388186272,
      0.0,
      0.0,
      0.0,
      0.0,
      0.0,
      0.0,
      0.0,
      0.0,
      0.0,
      0.0,
      0.0,
      0.10495314591700133,
      -0.22561916813839333,
      0.0,
      0.0,
      -0.03801154532545045,
      0.0,
      0.0,
      0.0,
      0.0,
      0.0,
      0.0,
      0.026475252745108674,
      -0.13755583375836544,
      -0.04667317078861534
    ],
    "self_consistency_aj_mean": 0.9628091469167156,
    "self_consistency_aj_n": 48,
    "self_consistency_aj_values": [
      1.0,
      1.0,
      1.0,
      0.38875209548060424,
      1.0,
      1.0,
      1.0,
      1.0,
      1.0,
      1.0,
      1.0,
      1.0,
      1.0,
      1.0,
      1.0,
      1.0,
      1.0,
      1.0,
      1.0,
      1.0,
      1.0,
      1.0,
      1.0,
      1.0,
      1.0,
      1.0,
      1.0,
      1.0,
      1.0,
      1.0,
      1.0,
      1.0,
      1.0,
      1.0,
      1.0,
      1.0,
      1.0,
      1.0,
      1.0,
      1.0,
      1.0,
      1.0,
      1.0,
      1.0,
      1.0,
      1.0,
      1.0,
      -0.17391304347826148
    ],
    "self_consistency_n_degenerate": 2,
    "self_consistency_n_missing": 0
  },
  "CF_alt": {
    "mean_delta": 0.005367756317756318,
    "n_instances": 50,
    "deltas": [
      0.0,
      0.0,
      0.3810814185814187,
      0.0,
      -0.011666666666666659,
      0.04776334776334776,
      -0.08015151515151514,
      0.0,
      -0.02714285714285719,
      0.0,
      -0.13214285714285712,
      -0.07261904761904758,
      0.0,
      0.0,
      0.2566666666666667,
      0.0,
      0.0,
      0.0,
      0.0,
      0.0,
      0.0,
      -0.23333333333333334,
      -0.019999999999999962,
      0.0,
      -0.19722222222222222,
      0.1833333333333333,
      0.19999999999999998,
      0.0,
      0.0,
      0.0,
      -0.2766666666666667,
      0.0,
      0.02730158730158727,
      -0.012301587301587258,
      0.0,
      0.18000000000000005,
      0.0,
      0.0,
      0.0716666666666666,
      0.0004761904761905189,
      0.0,
      -0.03722222222222224,
      -0.05080808080808083,
      0.0,
      0.0,
      0.03928571428571426,
      0.0,
      0.0470899470899471,
      -0.015000000000000069,
      0.0
    ],
    "mean_delta_aj": 0.009024123556168842,
    "n_instances_aj": 49,
    "deltas_aj": [
      0.0,
      0.0,
      0.7413859614995773,
      0.0,
      -0.012910662760743596,
      0.2337787148947531,
      -0.13832460985889214,
      0.0,
      -0.05383348912651355,
      0.0,
      -0.30558890932168803,
      0.04079503360822223,
      0.0,
      0.0,
      0.8,
      0.0,
      0.0,
      0.0,
      0.0,
      0.0,
      0.0,
      -0.6564364876385338,
      0.05655858511422274,
      0.0,
      -0.32655314170399985,
      -0.729166666666667,
      0.38888888888888895,
      0.0,
      0.0,
      0.0,
      0.20157696263284186,
      0.0,
      0.492119108374373,
      0.40713041343192535,
      0.0,
      -0.20990629183400267,
      0.0,
      0.13377782686990436,
      0.04046058295338911,
      0.0,
      -0.45380029866899485,
      -0.061305928709851486,
      0.0,
      0.0,
      -0.13702858958981723,
      0.0,
      0.11173178838793363,
      -0.12116673652405402,
      0.0
    ],
    "self_consistency_aj_mean": 0.6300824619318796,
    "self_consistency_aj_n": 39,