{
  "cad_imdb_prompt": {
    "H_alt": {
      "mean_delta": 0.004314326731631173,
      "n_instances": 49,
      "deltas": [
        -0.031590909090909086,
        0.009174990751017381,
        -0.0046103896103895925,
        0.006244224895295414,
        0.06389231683349333,
        0.006494305413572432,
        0.0,
        -0.011181575433911892,
        0.02245739462165655,
        -0.00437858045745998,
        -0.005689900426742528,
        0.0017429193899782258,
        -0.02210425633668102,
        0.013975609756097546,
        0.013918128654970774,
        0.0,
        -0.0030635250635250577,
        0.0,
        0.0,
        0.057056737588652456,
        0.03183636205547345,
        0.00227232680543377,
        -0.03355942138550841,
        0.008279569892473138,
        0.05241269841269841,
        0.02190352020860495,
        -0.014158567149581247,
        -0.020750947607442616,
        0.021715717078620328,
        0.013551137448491096,
        0.07027570131018407,
        0.0,
        -0.04957651044607566,
        0.023279352226720673,
        0.01208576998050681,
        0.006825396825396818,
        -0.012200435729847497,
        -0.03888888888888889,
        0.0040112994350282455,
        0.01568627450980392,
        0.046574813439801965,
        -0.03804713804713811,
        -0.0009749075612410785,
        -0.005400000989218223,
        -0.01758241758241763,
        -0.0045117845117845085,
        0.015572858731924322,
        0.01028138528138528,
        -0.02184864537859091
      ],
      "mean_delta_aj": 0.01807011313115568,
      "n_instances_aj": 49,
      "deltas_aj": [
        -0.04162733182126355,
        0.02769112821923514,
        -0.013423246450053439,
        0.024510807308393504,
        0.1042328978825996,
        0.057763798117754284,
        0.0,
        -0.05531711057297568,
        0.009927314682467159,
        -0.036552941092059865,
        0.0,
        0.032636918022543204,
        0.21557759851754657,
        0.011076781201081909,
        0.05628181210362421,
        0.0,
        -0.016002771558015022,
        -0.0031183864906460523,
        0.0,
        0.12976313403492112,
        0.28227320777866355,
        0.021033620411844617,
        -0.021818882819508695,
        0.018319192684619012,
        0.10661995804796437,
        0.11043860156944657,
        -0.07271822583336224,
        -0.02245127092134798,
        0.042561713459756956,
        0.05144247688097715,
        0.07384404614381301,
        0.0,
        -0.060327566732965826,
        -0.08161821519315393,
        0.04787461644174934,
        0.016731640436588924,
        -0.09292641313559713,
        -0.032202506639624096,
        0.009104341199073676,
        0.0483345346017689,
        0.13916375695443434,
        -0.07169552185888822,
        -0.032164048640820064,
        -0.034479914351490726,
        -0.030907615497343888,
        -0.009722746313269304,
        0.05610738540717743,
        0.02251450374892272,
        -0.10131552650795331
      ],
      "self_consistency_aj_mean": 0.4637089626154053,
      "self_consistency_aj_n": 44,
      "self_consistency_aj_values": [
        0.14893107584048806,
        0.5689080014250012,
        0.7592169895033675,
        0.4260231967859398,
        0.3784218320473886,
        0.08466113685362096,
        0.4009844170357682,
        0.271947575396801,
        0.5792202354263997,
        0.35194073980707646,
        0.5350089375461399,
        0.4705130114869736,
        0.2051623454964175,
        0.5235312497903593,
        0.5092896351595655,
        0.527710990050562,
        0.21801228820249013,
        0.6161818882182214,
        0.6210325262775196,
        0.8251923387696082,
        0.028039080988203777,
        0.20127666144916082,
        0.7986065879798219,
        0.3301652324912414,
        0.3549821496147171,
        0.2995538872305195,
        0.38349924391357704,
        0.3983719171310298,
        0.7917737671859196,
        0.4342972438858541,
        0.3737151889481023,
        0.37120647645210925,
        0.2693522306885495,
        1.0,
        0.7241559174798412,
        0.675378427786762,
        0.454888610359324,
        0.39193513698913884,
        0.5893519412711468,
        0.5876167572621346,
        0.5838062550928806,
        0.5485390418399476,
        0.39718305466464665,
        0.39360913325349606
      ],
      "self_consistency_n_degenerate": 1,
      "self_consistency_n_missing": 4
    },
    "R_alt": {
      "mean_delta": -0.015200008182758294,
      "n_instances": 49,
      "deltas": [
        0.05194805194805195,
        0.0,
        -0.01833333333333334,
        0.0,
        0.0,
        0.0,
        -0.0120879120879121,
        0.0360476266379247,
        -0.04209956709956711,
        -0.024127157697414692,
        0.0,
        -0.06338624338624338,
        -0.007271649918708739,
        0.0,
        -0.0025279312137394677,
        -0.005533063427800265,
        -0.009666057034478093,
        0.0,
        -0.1101975149033973,
        0.06712920135676839,
        -0.016892587508579276,
        0.0,
        0.0,
        0.0,
        0.048611111111111105,
        0.0,
        0.01842157842157849,
        0.0,
        -0.08582936507936506,
        0.0,
        -0.15884804850322093,
        -0.06538461538461537,
        -0.004523809523809527,
        -0.04128205128205126,
        -0.040231422712625725,
        0.0,
        0.00619607843137257,
        -0.006770186335403744,
        0.03173441734417343,
        -0.10614035087719298,
        -0.05560974113605695,
        0.0,
        -0.10678522571819425,
        -0.006962374489683315,
        -0.010367410367410401,
        0.0,
        0.0,
        0.0,
        -0.004030847185333752
      ],
      "mean_delta_aj": -0.045421650504737995,
      "n_instances_aj": 49,
      "deltas_aj": [
        0.23353819139596133,
        0.0,
        -0.1675745790735304,
        0.0,
        0.0,
        0.0,
        0.03873822086721396,
        0.21198477114270586,
        -0.07359952926183533,
        -0.05901101238330386,
        0.0,
        -0.22383428686773865,
        -0.09426022698378367,
        -0.004531429510120755,
        0.00014884125739613938,
        0.0,
        -0.063932775655795,
        0.0,
        -0.3175227877692987,
        0.13402223683980713,
        -0.0991759840129586,
        0.0,
        0.0,
        0.0,
        0.13030331145575286,
        0.0,
        0.03847618090022459,
        0.0,
        -0.17401967302030816,
        0.0,
        -0.5960509426473696,
        -0.1560100371343512,
        -0.005350436590581237,
        -0.15739048182505433,
        -0.10949892127865343,
        0.0,
        0.030087404174332782,
        0.05906391251633061,
        -0.11530428525610822,
        -0.23199404121670528,
        -0.1205875634543791,
        0.0,
        -0.25213907249026996,
        -0.0497010589601731,
        -0.023313726939467094,
        0.0,
        0.0,
        0.0,
        -0.0072210929501014265
      ],
      "self_consistency_aj_mean": 0.8035897029084432,
      "self_consistency_aj_n": 49,